[14:44:11] INFO: Session started, sess_id=314, mode=plan, model=kimi-k2.5:cloud
[14:44:11] Choose persona START...: 
[14:44:11] Choose available number (x to cancel): 
[14:44:15] Set system message ( CTRL+x ENTER to Finish. ): 
[14:44:18] Choose history START...: 
[14:44:19] Choose available number (x to cancel): 
[14:44:20] Canceling...
[14:44:20] Tool training — warming up model on available tools...
[14:44:20] [Context: 587/131072 (0.4%)]
[14:44:20] [iter 1] [Context: 587/131072 (0.4%)]
[14:44:20] INFO: AI request (iteration 1, msgs=2)
[14:44:37] <WriteFile
[Aborted: 'WriteFile' cannot be used in PLAN mode]
[14:44:37] Stream aborted: 'WriteFile' cannot be used in PLAN mode
[14:44:37] INFO: AI response: 0 prompt + 0 response tokens (total: 0 / 0)
[14:44:37] [after +0] [Context: 1158/131072 (0.9%)]
[14:44:37] You: 
[14:44:44] You: 
[14:48:54] [Context: 1340/131072 (1.0%)]
[14:48:54] [iter 1] [Context: 1340/131072 (1.0%)]
[14:48:54] INFO: AI request (iteration 1, msgs=4)
[14:48:56] INFO: AI response: 1219 prompt + 211 response tokens (total: 1219 / 211)
[14:48:56] ✓ ReinsertTip: Error: Missing required parameter(s): title
Usage:
<ReinsertTip>
<title>string</title>
</ReinsertTip>
[14:48:56] Tool `ReinsertTip` failed 2 times with missing parameter(s): title. Correct format:

Usage:
<ReinsertTip>
<title>string</title>
</ReinsertTip>
[14:48:56] ✓ ReinsertTip: Error: Missing required parameter(s): title
Usage:
<ReinsertTip>
<title>string</title>
</ReinsertTip>
[14:48:56] [after +211] [Context: 1680/131072 (1.3%)]
[14:48:56] [iter 2] [Context: 1680/131072 (1.3%)]
[14:48:56] INFO: AI request (iteration 2, msgs=9)
[14:48:57] INFO: AI response: 1611 prompt + 57 response tokens (total: 2830 / 268)
[14:48:57] [after +57] [Context: 9346/131072 (7.1%)]
[14:48:57] [iter 3] [Context: 9346/131072 (7.1%)]
[14:48:57] INFO: AI request (iteration 3, msgs=16)
[14:48:59] INFO: AI response: 9402 prompt + 143 response tokens (total: 12232 / 411)
[14:48:59] [after +143] [Context: 17885/131072 (13.6%)]
[14:48:59] [iter 4] [Context: 17885/131072 (13.6%)]
[14:48:59] INFO: AI request (iteration 4, msgs=20)
[14:49:03] INFO: AI response: 18823 prompt + 426 response tokens (total: 31055 / 837)
[14:49:03] [after +426] [Context: 18076/131072 (13.8%)]
[14:49:03] [iter 5] [Context: 18076/131072 (13.8%)]
[14:49:03] INFO: AI request (iteration 5, msgs=22)
[14:49:09] INFO: AI response: 18999 prompt + 787 response tokens (total: 50054 / 1624)
[14:49:09] [after +787] [Context: 19148/131072 (14.6%)]
[14:49:09] [iter 6] [Context: 19148/131072 (14.6%)]
[14:49:09] INFO: AI request (iteration 6, msgs=30)
[14:49:11] INFO: AI response: 19987 prompt + 38 response tokens (total: 70041 / 1662)
[14:49:11] [after +38] [Context: 19383/131072 (14.8%)]
[14:49:11] Plan complete — switched to BUILD mode. Waiting for your instruction.
[14:49:11] You: 
[14:49:17] You: 
[14:49:29] [Context: 18965/131072 (14.5%)]
[14:49:29] [iter 1] [Context: 18965/131072 (14.5%)]
[14:49:29] INFO: AI request (iteration 1, msgs=33)
[14:49:36] INFO: AI response: 19813 prompt + 410 response tokens (total: 89854 / 2072)
[14:49:36] [after +410] [Context: 19422/131072 (14.8%)]
[14:49:36] [iter 2] [Context: 19422/131072 (14.8%)]
[14:49:36] INFO: AI request (iteration 2, msgs=35)
[14:49:38] INFO: AI response: 20220 prompt + 42 response tokens (total: 110074 / 2114)
[14:49:38] [after +42] [Context: 19860/131072 (15.2%)]
[14:49:38] [iter 3] [Context: 19860/131072 (15.2%)]
[14:49:38] INFO: AI request (iteration 3, msgs=37)
[14:49:41] INFO: AI response: 20605 prompt + 136 response tokens (total: 130679 / 2250)
[14:49:41] [after +136] [Context: 20014/131072 (15.3%)]
[14:49:41] [iter 4] [Context: 20014/131072 (15.3%)]
[14:49:41] INFO: AI request (iteration 4, msgs=39)
[14:49:42] INFO: AI response: 20763 prompt + 22 response tokens (total: 151442 / 2272)
[14:49:42] [after +22] [Context: 20245/131072 (15.4%)]
[14:49:42] [iter 5] [Context: 20245/131072 (15.4%)]
[14:49:42] INFO: AI request (iteration 5, msgs=42)
[14:49:48] INFO: AI response: 20972 prompt + 926 response tokens (total: 172414 / 3198)
[14:49:48] [after +926] [Context: 21358/131072 (16.3%)]
[14:49:48] [iter 6] [Context: 21358/131072 (16.3%)]
[14:49:48] INFO: AI request (iteration 6, msgs=44)
[14:49:50] INFO: AI response: 21896 prompt + 41 response tokens (total: 194310 / 3239)
[14:49:50] [after +41] [Context: 23264/131072 (17.7%)]
[14:49:50] [iter 7] [Context: 23264/131072 (17.7%)]
[14:49:50] INFO: AI request (iteration 7, msgs=46)
[14:49:57] INFO: AI response: 23499 prompt + 1306 response tokens (total: 217809 / 4545)
[14:49:57] [after +1306] [Context: 24802/131072 (18.9%)]
[14:49:57] [iter 8] [Context: 24802/131072 (18.9%)]
[14:49:57] INFO: AI request (iteration 8, msgs=48)
[14:49:59] INFO: AI response: 24790 prompt + 115 response tokens (total: 242599 / 4660)
[14:49:59] [after +115] [Context: 25007/131072 (19.1%)]
[14:49:59] [iter 9] [Context: 25007/131072 (19.1%)]
[14:49:59] INFO: AI request (iteration 9, msgs=50)
[14:50:01] INFO: AI response: 24994 prompt + 22 response tokens (total: 267593 / 4682)
[14:50:01] [after +22] [Context: 25248/131072 (19.3%)]
[14:50:01] [iter 10] [Context: 25248/131072 (19.3%)]
[14:50:01] INFO: AI request (iteration 10, msgs=53)
[14:50:09] INFO: AI response: 25214 prompt + 989 response tokens (total: 292807 / 5671)
[14:50:09] [after +989] [Context: 26455/131072 (20.2%)]
[14:50:09] Model tried to use 'WriteFile' in PLAN mode.
[14:50:09]   1. Switch to BUILD mode (allow the tool)
[14:50:09]   2. Stay in PLAN mode (block the tool, continue planning)
[14:50:09]   3. Cancel AI (return to user prompt)
[14:50:09]   4. Continue (dismiss, let the model proceed)
[14:50:09] Choice (1-4): 
[15:07:02] INFO: Session started, sess_id=315, mode=build, model=kimi-k2.5:cloud
[15:07:02] You: 
[15:07:05] You: 
[15:07:14] [Context: 26883/262144 (10.3%)]
[15:07:14] [iter 1] [Context: 26883/262144 (10.3%)]
[15:07:14] INFO: AI request (iteration 1, msgs=56)
[15:07:20] INFO: AI response: 26600 prompt + 40 response tokens (total: 319407 / 5711)
[15:07:20] [after +40] [Context: 31000/262144 (11.8%)]
[15:07:20] [iter 2] [Context: 31000/262144 (11.8%)]
[15:07:20] INFO: AI request (iteration 2, msgs=58)
[15:07:38] INFO: AI response: 29993 prompt + 2213 response tokens (total: 349400 / 7924)
[15:07:38] [after +2213] [Context: 33694/262144 (12.9%)]
[15:07:38] [iter 3] [Context: 33694/262144 (12.9%)]
[15:07:38] INFO: AI request (iteration 3, msgs=60)
[15:07:42] INFO: AI response: 32211 prompt + 114 response tokens (total: 381611 / 8038)
[15:07:42] [after +114] [Context: 33871/262144 (12.9%)]
[15:07:42] [iter 4] [Context: 33871/262144 (12.9%)]
[15:07:42] INFO: AI request (iteration 4, msgs=62)
[15:07:43] INFO: AI response: 32379 prompt + 28 response tokens (total: 413990 / 8066)
[15:07:43] [after +28] [Context: 34082/262144 (13.0%)]
[15:07:43] [iter 5] [Context: 34082/262144 (13.0%)]
[15:07:43] INFO: AI request (iteration 5, msgs=65)
[15:07:46] INFO: AI response: 32589 prompt + 168 response tokens (total: 446579 / 8234)
[15:07:46] [after +168] [Context: 41897/262144 (16.0%)]
[15:07:46] [iter 6] [Context: 41897/262144 (16.0%)]
[15:07:46] INFO: AI request (iteration 6, msgs=67)
[15:07:51] INFO: AI response: 41326 prompt + 294 response tokens (total: 487905 / 8528)
[15:07:51] [after +294] [Context: 42252/262144 (16.1%)]
[15:07:51] [iter 7] [Context: 42252/262144 (16.1%)]
[15:07:51] INFO: AI request (iteration 7, msgs=69)
[15:07:53] INFO: AI response: 41659 prompt + 14 response tokens (total: 529564 / 8542)
[15:07:53] [after +14] [Context: 42274/262144 (16.1%)]
[15:07:53] Auto-continue: AI round 1/50 — task 4/7: Modify run.py to add a gadget configuration button:
1. In th...
[15:07:53] [Context: 42373/262144 (16.2%)]
[15:07:53] [iter 1] [Context: 42373/262144 (16.2%)]
[15:07:53] INFO: AI request (iteration 1, msgs=71)
[15:07:56] INFO: AI response: 41763 prompt + 176 response tokens (total: 571327 / 8718)
[15:07:56] [after +176] [Context: 42773/262144 (16.3%)]
[15:07:56] [iter 2] [Context: 42773/262144 (16.3%)]
[15:07:56] INFO: AI request (iteration 2, msgs=73)
[15:07:59] INFO: AI response: 42147 prompt + 86 response tokens (total: 613474 / 8804)
[15:07:59] [after +86] [Context: 50634/262144 (19.3%)]
[15:07:59] [iter 3] [Context: 50634/262144 (19.3%)]
[15:07:59] INFO: AI request (iteration 3, msgs=75)
[15:08:02] INFO: AI response: 50919 prompt + 153 response tokens (total: 664393 / 8957)
[15:08:02] [after +153] [Context: 50822/262144 (19.4%)]
[15:08:02] [iter 4] [Context: 50822/262144 (19.4%)]
[15:08:02] INFO: AI request (iteration 4, msgs=77)
[15:08:04] INFO: AI response: 51109 prompt + 116 response tokens (total: 715502 / 9073)
[15:08:04] [after +116] [Context: 51038/262144 (19.5%)]
[15:08:04] [iter 5] [Context: 51038/262144 (19.5%)]
[15:08:04] INFO: AI request (iteration 5, msgs=79)
[15:08:07] INFO: AI response: 51340 prompt + 56 response tokens (total: 766842 / 9129)
[15:08:07] [after +56] [Context: 58905/262144 (22.5%)]
[15:08:07] [iter 6] [Context: 58905/262144 (22.5%)]
[15:08:07] INFO: AI request (iteration 6, msgs=81)
[15:09:11] INFO: AI response: 60120 prompt + 8947 response tokens (total: 826962 / 18076)
[15:09:11] [after +8947] [Context: 66904/262144 (25.5%)]
[15:09:11] [iter 7] [Context: 66904/262144 (25.5%)]
[15:09:11] INFO: AI request (iteration 7, msgs=83)
[15:09:15] INFO: AI response: 69049 prompt + 168 response tokens (total: 896011 / 18244)
[15:09:15] [after +168] [Context: 67061/262144 (25.6%)]
[15:09:15] [iter 8] [Context: 67061/262144 (25.6%)]
[15:09:15] INFO: AI request (iteration 8, msgs=85)
[15:09:17] INFO: AI response: 69209 prompt + 35 response tokens (total: 965220 / 18279)
[15:09:17] [after +35] [Context: 67359/262144 (25.7%)]
[15:09:17] [iter 9] [Context: 67359/262144 (25.7%)]
[15:09:17] INFO: AI request (iteration 9, msgs=88)
[15:09:23] INFO: AI response: 69463 prompt + 430 response tokens (total: 1034683 / 18709)
[15:09:23] [after +430] [Context: 68062/262144 (26.0%)]
[15:09:23] [iter 10] [Context: 68062/262144 (26.0%)]
[15:09:23] INFO: AI request (iteration 10, msgs=90)
[15:09:26] INFO: AI response: 70248 prompt + 60 response tokens (total: 1104931 / 18769)
[15:09:26] [after +60] [Context: 76032/262144 (29.0%)]
[15:09:26] Auto-continue: AI round 2/50 — task 5/7: Modify run.py to integrate gadget display:
1. Create a gadge...
[15:09:26] [Context: 76174/262144 (29.1%)]
[15:09:26] [iter 1] [Context: 76174/262144 (29.1%)]
[15:09:26] INFO: AI request (iteration 1, msgs=93)
[15:09:30] INFO: AI response: 79267 prompt + 225 response tokens (total: 1184198 / 18994)
[15:09:30] [after +225] [Context: 76564/262144 (29.2%)]
[15:09:30] [iter 2] [Context: 76564/262144 (29.2%)]
[15:09:30] INFO: AI request (iteration 2, msgs=95)
[15:09:34] INFO: AI response: 79721 prompt + 61 response tokens (total: 1263919 / 19055)
[15:09:34] [after +61] [Context: 76645/262144 (29.2%)]
[15:09:34] [iter 3] [Context: 76645/262144 (29.2%)]
[15:09:34] INFO: AI request (iteration 3, msgs=97)
[15:09:37] INFO: AI response: 79806 prompt + 178 response tokens (total: 1343725 / 19233)
[15:09:37] [after +178] [Context: 76892/262144 (29.3%)]
[15:09:37] [iter 4] [Context: 76892/262144 (29.3%)]
[15:09:37] INFO: AI request (iteration 4, msgs=99)
[15:09:41] INFO: AI response: 80089 prompt + 172 response tokens (total: 1423814 / 19405)
[15:09:41] [after +172] [Context: 77190/262144 (29.4%)]
[15:09:41] [iter 5] [Context: 77190/262144 (29.4%)]
[15:09:41] INFO: AI request (iteration 5, msgs=101)
[15:09:46] INFO: AI response: 80437 prompt + 369 response tokens (total: 1504251 / 19774)
[15:09:46] [after +369] [Context: 77811/262144 (29.7%)]
[15:09:46] [iter 6] [Context: 77811/262144 (29.7%)]
[15:09:46] INFO: AI request (iteration 6, msgs=103)
[15:09:50] INFO: AI response: 81084 prompt + 326 response tokens (total: 1585335 / 20100)
[15:09:50] [after +326] [Context: 78469/262144 (29.9%)]
[15:09:50] [iter 7] [Context: 78469/262144 (29.9%)]
[15:09:50] INFO: AI request (iteration 7, msgs=105)
[15:09:56] INFO: AI response: 81778 prompt + 472 response tokens (total: 1667113 / 20572)
[15:09:56] [after +472] [Context: 78715/262144 (30.0%)]
[15:09:56] [iter 8] [Context: 78715/262144 (30.0%)]
[15:09:56] INFO: AI request (iteration 8, msgs=107)
[15:09:58] INFO: AI response: 81992 prompt + 30 response tokens (total: 1749105 / 20602)
[15:09:59] [after +30] [Context: 78901/262144 (30.1%)]
[15:09:59] [iter 9] [Context: 78901/262144 (30.1%)]
[15:09:59] INFO: AI request (iteration 9, msgs=110)
[15:10:01] INFO: AI response: 82151 prompt + 42 response tokens (total: 1831256 / 20644)
[15:10:01] [after +42] [Context: 79447/262144 (30.3%)]
[15:10:01] [iter 10] [Context: 79447/262144 (30.3%)]
[15:10:01] INFO: AI request (iteration 10, msgs=112)
[15:10:05] INFO: AI response: 82641 prompt + 163 response tokens (total: 1913897 / 20807)
[15:10:05] [after +163] [Context: 79809/262144 (30.4%)]
[15:10:05] Auto-continue: AI round 3/50 — task 6/7: Modify src/config.py to:
1. Add default gadget configuration...
[15:10:05] [Context: 79896/262144 (30.5%)]
[15:10:05] [iter 1] [Context: 79896/262144 (30.5%)]
[15:10:05] INFO: AI request (iteration 1, msgs=115)
[15:10:09] INFO: AI response: 83116 prompt + 186 response tokens (total: 1997013 / 20993)
[15:10:09] [after +186] [Context: 80372/262144 (30.7%)]
[15:10:09] [iter 2] [Context: 80372/262144 (30.7%)]
[15:10:09] INFO: AI request (iteration 2, msgs=117)
[15:10:11] INFO: AI response: 83651 prompt + 64 response tokens (total: 2080664 / 21057)
[15:10:11] [after +64] [Context: 80943/262144 (30.9%)]
[15:10:11] [iter 3] [Context: 80943/262144 (30.9%)]
[15:10:11] INFO: AI request (iteration 3, msgs=119)
[15:10:17] INFO: AI response: 84163 prompt + 515 response tokens (total: 2164827 / 21572)
[15:10:17] [after +515] [Context: 81526/262144 (31.1%)]
[15:10:17] [iter 4] [Context: 81526/262144 (31.1%)]
[15:10:17] INFO: AI request (iteration 4, msgs=121)
[15:10:19] INFO: AI response: 84690 prompt + 37 response tokens (total: 2249517 / 21609)
[15:10:19] [after +37] [Context: 82090/262144 (31.3%)]
[15:10:19] [iter 5] [Context: 82090/262144 (31.3%)]
[15:10:19] INFO: AI request (iteration 5, msgs=123)
[15:10:22] INFO: AI response: 85197 prompt + 96 response tokens (total: 2334714 / 21705)
[15:10:22] [after +96] [Context: 82265/262144 (31.4%)]
[15:10:22] [iter 6] [Context: 82265/262144 (31.4%)]
[15:10:22] INFO: AI request (iteration 6, msgs=125)
[15:10:25] INFO: AI response: 85363 prompt + 37 response tokens (total: 2420077 / 21742)
[15:10:25] [after +37] [Context: 82491/262144 (31.5%)]
[15:10:25] [iter 7] [Context: 82491/262144 (31.5%)]
[15:10:25] INFO: AI request (iteration 7, msgs=128)
[15:10:28] INFO: AI response: 85566 prompt + 109 response tokens (total: 2505643 / 21851)
[15:10:28] [after +109] [Context: 82567/262144 (31.5%)]
[15:10:28] [iter 8] [Context: 82567/262144 (31.5%)]
[15:10:28] INFO: AI request (iteration 8, msgs=130)
[15:10:30] INFO: AI response: 85664 prompt + 64 response tokens (total: 2591307 / 21915)
[15:10:30] [after +64] [Context: 82625/262144 (31.5%)]
[15:10:30] [iter 9] [Context: 82625/262144 (31.5%)]
[15:10:30] INFO: AI request (iteration 9, msgs=132)
[15:10:33] INFO: AI response: 85750 prompt + 72 response tokens (total: 2677057 / 21987)
[15:10:33] [after +72] [Context: 82777/262144 (31.6%)]
[15:10:33] [iter 10] [Context: 82777/262144 (31.6%)]
[15:10:33] INFO: AI request (iteration 10, msgs=134)
[15:10:35] INFO: AI response: 85907 prompt + 70 response tokens (total: 2762964 / 22057)
[15:10:35] [after +70] [Context: 82832/262144 (31.6%)]
[15:10:35] Auto-continue: AI round 4/50 — task 7/7: 1. Verify the code runs without errors: python run.py
2. Che...
[15:10:35] [Context: 82938/262144 (31.6%)]
[15:10:35] [iter 1] [Context: 82938/262144 (31.6%)]
[15:10:35] INFO: AI request (iteration 1, msgs=137)
[15:10:38] File>⚠ Model repeated itself — auto-cancelled
[15:10:38] [after +70] [Context: 82938/262144 (31.6%)]
[15:10:38] Auto-continue: AI round 5/50 — task 7/7: 1. Verify the code runs without errors: python run.py
2. Che...
[15:10:38] [Context: 83044/262144 (31.7%)]
[15:10:38] [iter 1] [Context: 83044/262144 (31.7%)]
[15:10:38] INFO: AI request (iteration 1, msgs=138)
[15:10:41] INFO: AI response: 86153 prompt + 102 response tokens (total: 2849117 / 22159)
[15:10:41] [after +102] [Context: 83159/262144 (31.7%)]
[15:10:41] [iter 2] [Context: 83159/262144 (31.7%)]
[15:10:41] INFO: AI request (iteration 2, msgs=140)
[15:10:43] INFO: AI response: 86275 prompt + 63 response tokens (total: 2935392 / 22222)
[15:10:43] [after +63] [Context: 83235/262144 (31.8%)]
[15:10:43] [iter 3] [Context: 83235/262144 (31.8%)]
[15:10:43] INFO: AI request (iteration 3, msgs=142)
[15:10:46] INFO: AI response: 86367 prompt + 107 response tokens (total: 3021759 / 22329)
[15:10:46] [after +107] [Context: 83368/262144 (31.8%)]
[15:10:46] [iter 4] [Context: 83368/262144 (31.8%)]
[15:10:46] INFO: AI request (iteration 4, msgs=144)
[15:10:50] INFO: AI response: 86532 prompt + 184 response tokens (total: 3108291 / 22513)
[15:10:50] [after +184] [Context: 83480/262144 (31.8%)]
[15:10:50] [iter 5] [Context: 83480/262144 (31.8%)]
[15:10:50] INFO: AI request (iteration 5, msgs=146)
[15:10:52] INFO: AI response: 86676 prompt + 63 response tokens (total: 3194967 / 22576)
[15:10:52] [after +63] [Context: 86156/262144 (32.9%)]
[15:10:52] [iter 6] [Context: 86156/262144 (32.9%)]
[15:10:52] INFO: AI request (iteration 6, msgs=148)
[15:10:55] INFO: AI response: 88870 prompt + 64 response tokens (total: 3283837 / 22640)
[15:10:55] [after +64] [Context: 86228/262144 (32.9%)]
[15:10:55] [iter 7] [Context: 86228/262144 (32.9%)]
[15:10:55] INFO: AI request (iteration 7, msgs=150)
[15:10:57] INFO: AI response: 88940 prompt + 48 response tokens (total: 3372777 / 22688)
[15:10:57] [after +48] [Context: 86585/262144 (33.0%)]
[15:10:57] [iter 8] [Context: 86585/262144 (33.0%)]
[15:10:57] INFO: AI request (iteration 8, msgs=152)
[15:11:00] INFO: AI response: 89320 prompt + 42 response tokens (total: 3462097 / 22730)
[15:11:00] [after +42] [Context: 86775/262144 (33.1%)]
[15:11:00] [iter 9] [Context: 86775/262144 (33.1%)]
[15:11:00] INFO: AI request (iteration 9, msgs=154)
[15:11:05] INFO: AI response: 89577 prompt + 271 response tokens (total: 3551674 / 23001)
[15:11:05] [after +271] [Context: 87122/262144 (33.2%)]
[15:11:05] [iter 10] [Context: 87122/262144 (33.2%)]
[15:11:05] INFO: AI request (iteration 10, msgs=156)
[15:11:08] INFO: AI response: 89905 prompt + 70 response tokens (total: 3641579 / 23071)
[15:11:08] [after +70] [Context: 87155/262144 (33.2%)]
[15:11:08] You: 
[15:11:19] You: 
[16:24:42] You: 
[16:31:21] INFO: Session started, sess_id=316, mode=build, model=kimi-k2.5:cloud
[16:31:21] You: 
[16:33:41] [Context: 87197/262144 (33.3%)]
[16:33:41] [iter 1] [Context: 87197/262144 (33.3%)]
[16:33:41] INFO: AI request (iteration 1, msgs=159)
[16:33:48] INFO: AI response: 89989 prompt + 221 response tokens (total: 3731568 / 23292)
[16:33:48] [after +221] [Context: 95428/262144 (36.4%)]
[16:33:48] [iter 2] [Context: 95428/262144 (36.4%)]
[16:33:48] INFO: AI request (iteration 2, msgs=161)
[16:33:56] INFO: AI response: 99172 prompt + 344 response tokens (total: 3830740 / 23636)
[16:33:56] [after +344] [Context: 96080/262144 (36.7%)]
[16:33:56] [iter 3] [Context: 96080/262144 (36.7%)]
[16:33:56] INFO: AI request (iteration 3, msgs=163)
[16:34:06] INFO: AI response: 99939 prompt + 311 response tokens (total: 3930679 / 23947)
[16:34:06] [after +311] [Context: 96783/262144 (36.9%)]
[16:34:06] [iter 4] [Context: 96783/262144 (36.9%)]
[16:34:06] INFO: AI request (iteration 4, msgs=165)
[16:34:12] INFO: AI response: 100776 prompt + 365 response tokens (total: 4031455 / 24312)
[16:34:12] [after +365] [Context: 97609/262144 (37.2%)]
[16:34:12] [iter 5] [Context: 97609/262144 (37.2%)]
[16:34:12] INFO: AI request (iteration 5, msgs=167)
[16:34:18] INFO: AI response: 101672 prompt + 357 response tokens (total: 4133127 / 24669)
[16:34:18] [after +357] [Context: 98488/262144 (37.6%)]
[16:34:18] [iter 6] [Context: 98488/262144 (37.6%)]
[16:34:18] INFO: AI request (iteration 6, msgs=169)
[16:34:21] INFO: AI response: 102637 prompt + 65 response tokens (total: 4235764 / 24734)
[16:34:21] [after +65] [Context: 98551/262144 (37.6%)]
[16:34:21] [iter 7] [Context: 98551/262144 (37.6%)]
[16:34:21] INFO: AI request (iteration 7, msgs=171)
[16:34:26] INFO: AI response: 102726 prompt + 174 response tokens (total: 4338490 / 24908)
[16:34:26] [after +174] [Context: 98730/262144 (37.7%)]
[16:34:26] You: 
[16:36:00] [Context: 98753/262144 (37.7%)]
[16:36:00] [iter 1] [Context: 98753/262144 (37.7%)]
[16:36:00] INFO: AI request (iteration 1, msgs=173)
[16:36:15] INFO: AI response: 102905 prompt + 1290 response tokens (total: 4441395 / 26198)
[16:36:15] [after +1290] [Context: 99725/262144 (38.0%)]
[16:36:15] [iter 2] [Context: 99725/262144 (38.0%)]
[16:36:15] INFO: AI request (iteration 2, msgs=175)
[16:36:22] INFO: AI response: 104040 prompt + 451 response tokens (total: 4545435 / 26649)
[16:36:22] [after +451] [Context: 100712/262144 (38.4%)]
[16:36:22] [iter 3] [Context: 100712/262144 (38.4%)]
[16:36:22] INFO: AI request (iteration 3, msgs=177)
[16:36:25] INFO: AI response: 105209 prompt + 195 response tokens (total: 4650644 / 26844)
[16:36:25] [after +195] [Context: 101344/262144 (38.7%)]
[16:36:25] [iter 4] [Context: 101344/262144 (38.7%)]
[16:36:25] INFO: AI request (iteration 4, msgs=179)
[16:36:29] INFO: AI response: 105897 prompt + 32 response tokens (total: 4756541 / 26876)
[16:36:29] [after +32] [Context: 109719/262144 (41.9%)]
[16:36:29] [iter 5] [Context: 109719/262144 (41.9%)]
[16:36:29] INFO: AI request (iteration 5, msgs=181)
[16:36:33] INFO: AI response: 115271 prompt + 219 response tokens (total: 4871812 / 27095)
[16:36:33] [after +219] [Context: 110367/262144 (42.1%)]
[16:36:33] [iter 6] [Context: 110367/262144 (42.1%)]
[16:36:33] INFO: AI request (iteration 6, msgs=183)
[16:36:36] INFO: AI response: 115972 prompt + 66 response tokens (total: 4987784 / 27161)
[16:36:36] [after +66] [Context: 110431/262144 (42.1%)]
[16:36:36] [iter 7] [Context: 110431/262144 (42.1%)]
[16:36:36] INFO: AI request (iteration 7, msgs=185)
[16:36:39] INFO: AI response: 116035 prompt + 40 response tokens (total: 5103819 / 27201)
[16:36:39] [after +40] [Context: 114677/262144 (43.7%)]
[16:36:39] [iter 8] [Context: 114677/262144 (43.7%)]
[16:36:39] INFO: AI request (iteration 8, msgs=187)
[16:37:55] INFO: AI response: 120867 prompt + 9236 response tokens (total: 5224686 / 36437)
[16:37:55] [after +9236] [Context: 122961/262144 (46.9%)]
[16:37:55] [iter 9] [Context: 122961/262144 (46.9%)]
[16:37:55] INFO: AI request (iteration 9, msgs=189)
[16:37:58] INFO: AI response: 130100 prompt + 56 response tokens (total: 5354786 / 36493)
[16:37:58] [after +56] [Context: 123017/262144 (46.9%)]
[16:37:58] [iter 10] [Context: 123017/262144 (46.9%)]
[16:37:58] INFO: AI request (iteration 10, msgs=191)
[16:38:04] INFO: AI response: 130183 prompt + 340 response tokens (total: 5484969 / 36833)
[16:38:04] [after +340] [Context: 123349/262144 (47.1%)]
[16:38:04] You: 
[16:42:51] [Context: 123475/262144 (47.1%)]
[16:42:51] [iter 1] [Context: 123475/262144 (47.1%)]
[16:42:51] INFO: AI request (iteration 1, msgs=193)
[16:42:57] INFO: AI response: 130490 prompt + 254 response tokens (total: 5615459 / 37087)
[16:42:57] [after +254] [Context: 123720/262144 (47.2%)]
[16:42:57] [iter 2] [Context: 123720/262144 (47.2%)]
[16:42:57] INFO: AI request (iteration 2, msgs=195)
[16:43:00] INFO: AI response: 130697 prompt + 98 response tokens (total: 5746156 / 37185)
[16:43:00] [after +98] [Context: 123851/262144 (47.2%)]
[16:43:00] You: 
[16:43:11] [Context: 123861/262144 (47.2%)]
[16:43:11] [iter 1] [Context: 123861/262144 (47.2%)]
[16:43:11] INFO: AI request (iteration 1, msgs=197)
[16:43:22] INFO: AI response: 130709 prompt + 779 response tokens (total: 5876865 / 37964)
[16:43:22] [after +779] [Context: 124931/262144 (47.7%)]
[16:43:22] [iter 2] [Context: 124992/262144 (47.7%)]
[16:43:22] INFO: AI request (iteration 2, msgs=206)
[16:43:24] INFO: AI response: 131720 prompt + 22 response tokens (total: 6008585 / 37986)
[16:43:24] [after +22] [Context: 125230/262144 (47.8%)]
[16:43:24] Plan complete — switched to BUILD mode. Waiting for your instruction.
[16:43:24] You: 
[16:43:41] [Context: 125230/262144 (47.8%)]
[16:43:41] [iter 1] [Context: 125230/262144 (47.8%)]
[16:43:41] INFO: AI request (iteration 1, msgs=209)
[16:43:44] INFO: AI response: 131935 prompt + 67 response tokens (total: 6140520 / 38053)
[16:43:44] [after +67] [Context: 127904/262144 (48.8%)]
[16:43:44] [iter 2] [Context: 127904/262144 (48.8%)]
[16:43:44] INFO: AI request (iteration 2, msgs=211)
[16:43:48] INFO: AI response: 134130 prompt + 204 response tokens (total: 6274650 / 38257)
[16:43:48] [after +204] [Context: 128200/262144 (48.9%)]
[16:43:48] [iter 3] [Context: 128200/262144 (48.9%)]
[16:43:48] INFO: AI request (iteration 3, msgs=213)
[16:43:54] INFO: AI response: 134423 prompt + 157 response tokens (total: 6409073 / 38414)
[16:43:54] [after +157] [Context: 128630/262144 (49.1%)]
[16:43:54] [iter 4] [Context: 128630/262144 (49.1%)]
[16:43:54] INFO: AI request (iteration 4, msgs=215)
[16:43:57] INFO: AI response: 134851 prompt + 51 response tokens (total: 6543924 / 38465)
[16:43:57] [after +51] [Context: 131289/262144 (50.1%)]
[16:43:57] [iter 5] [Context: 131289/262144 (50.1%)]
[16:43:57] INFO: AI request (iteration 5, msgs=217)
[16:44:33] INFO: AI response: 137036 prompt + 3592 response tokens (total: 6680960 / 42057)
[16:44:33] [after +3592] [Context: 135662/262144 (51.8%)]
[16:44:33] [iter 6] [Context: 135662/262144 (51.8%)]
[16:44:33] INFO: AI request (iteration 6, msgs=219)
[16:44:36] INFO: AI response: 140620 prompt + 83 response tokens (total: 6821580 / 42140)
[16:44:36] [after +83] [Context: 135720/262144 (51.8%)]
[16:44:36] [iter 7] [Context: 135720/262144 (51.8%)]
[16:44:36] INFO: AI request (iteration 7, msgs=221)
[16:44:40] INFO: AI response: 140706 prompt + 201 response tokens (total: 6962286 / 42341)
[16:44:40] [after +201] [Context: 136079/262144 (51.9%)]
[16:44:40] [iter 8] [Context: 136079/262144 (51.9%)]
[16:44:40] INFO: AI request (iteration 8, msgs=223)
[16:44:43] INFO: AI response: 141080 prompt + 32 response tokens (total: 7103366 / 42373)
[16:44:43] [after +32] [Context: 136337/262144 (52.0%)]
[16:44:43] [iter 9] [Context: 136337/262144 (52.0%)]
[16:44:43] INFO: AI request (iteration 9, msgs=226)
[16:44:57] INFO: AI response: 141299 prompt + 1188 response tokens (total: 7244665 / 43561)
[16:44:57] [after +1188] [Context: 137671/262144 (52.5%)]
[16:44:57] [iter 10] [Context: 137671/262144 (52.5%)]
[16:44:57] INFO: AI request (iteration 10, msgs=228)
[16:45:01] INFO: AI response: 142489 prompt + 210 response tokens (total: 7387154 / 43771)
[16:45:01] [after +210] [Context: 137980/262144 (52.6%)]
[16:45:01] Auto-continue: AI round 1/50 — task 9/14: Create a template/example gadget script at ~/.config/KosDWM/...
[16:45:01] [Context: 138103/262144 (52.7%)]
[16:45:01] [iter 1] [Context: 138103/262144 (52.7%)]
[16:45:01] INFO: AI request (iteration 1, msgs=231)
[16:45:04] INFO: AI response: 142889 prompt + 65 response tokens (total: 7530043 / 43836)
[16:45:04] [after +65] [Context: 138360/262144 (52.8%)]
[16:45:04] [iter 2] [Context: 138360/262144 (52.8%)]
[16:45:04] INFO: AI request (iteration 2, msgs=234)
[16:45:13] INFO: AI response: 143110 prompt + 575 response tokens (total: 7673153 / 44411)
[16:45:13] [after +575] [Context: 138802/262144 (52.9%)]
[16:45:13] [iter 3] [Context: 138802/262144 (52.9%)]
[16:45:13] INFO: AI request (iteration 3, msgs=236)
[16:45:16] INFO: AI response: 143513 prompt + 48 response tokens (total: 7816666 / 44459)
[16:45:16] [after +48] [Context: 139054/262144 (53.0%)]
[16:45:16] [iter 4] [Context: 139054/262144 (53.0%)]
[16:45:16] INFO: AI request (iteration 4, msgs=239)
[16:45:30] INFO: AI response: 143731 prompt + 683 response tokens (total: 7960397 / 45142)
[16:45:30] [after +683] [Context: 139811/262144 (53.3%)]
[16:45:30] [iter 5] [Context: 139811/262144 (53.3%)]
[16:45:30] INFO: AI request (iteration 5, msgs=241)
[16:45:42] INFO: AI response: 144373 prompt + 838 response tokens (total: 8104770 / 45980)
[16:45:42] [after +838] [Context: 140684/262144 (53.7%)]
[16:45:42] Auto-continue: AI round 2/50 — task 11/14: Set up the gadgets directory with example gadgets:
1. Create...
[16:45:42] [Context: 140804/262144 (53.7%)]
[16:45:42] [iter 1] [Context: 140804/262144 (53.7%)]
[16:45:42] INFO: AI request (iteration 1, msgs=243)
[16:45:53] INFO: AI response: 144481 prompt + 882 response tokens (total: 8249251 / 46862)
[16:45:53] [after +882] [Context: 141819/262144 (54.1%)]
[16:45:53] [iter 2] [Context: 141819/262144 (54.1%)]
[16:45:53] INFO: AI request (iteration 2, msgs=245)
[16:46:07] INFO: AI response: 145366 prompt + 1005 response tokens (total: 8394617 / 47867)
[16:46:07] [after +1005] [Context: 142897/262144 (54.5%)]
[16:46:07] [iter 3] [Context: 142897/262144 (54.5%)]
[16:46:07] INFO: AI request (iteration 3, msgs=247)
[16:46:11] INFO: AI response: 146388 prompt + 123 response tokens (total: 8541005 / 47990)
[16:46:11] [after +123] [Context: 143148/262144 (54.6%)]
[16:46:11] [iter 4] [Context: 143148/262144 (54.6%)]
[16:46:11] INFO: AI request (iteration 4, msgs=249)
[16:46:14] INFO: AI response: 146614 prompt + 38 response tokens (total: 8687619 / 48028)
[16:46:14] [after +38] [Context: 143370/262144 (54.7%)]
[16:46:14] [iter 5] [Context: 143370/262144 (54.7%)]
[16:46:14] INFO: AI request (iteration 5, msgs=252)
[16:46:18] INFO: AI response: 146807 prompt + 56 response tokens (total: 8834426 / 48084)
[16:46:18] [after +56] [Context: 147718/262144 (56.3%)]
[16:46:18] [iter 6] [Context: 147718/262144 (56.3%)]
[16:46:18] INFO: AI request (iteration 6, msgs=254)
[16:46:23] INFO: AI response: 150364 prompt + 324 response tokens (total: 8984790 / 48408)
[16:46:23] [after +324] [Context: 148088/262144 (56.5%)]
[16:46:23] [iter 7] [Context: 148088/262144 (56.5%)]
[16:46:23] INFO: AI request (iteration 7, msgs=256)
[16:46:28] INFO: AI response: 150743 prompt + 191 response tokens (total: 9135533 / 48599)
[16:46:28] [after +191] [Context: 148569/262144 (56.7%)]
[16:46:28] [iter 8] [Context: 148569/262144 (56.7%)]
[16:46:28] INFO: AI request (iteration 8, msgs=258)
[16:47:05] INFO: AI response: 151241 prompt + 4201 response tokens (total: 9286774 / 52800)
[16:47:05] [after +4201] [Context: 153695/262144 (58.6%)]
[16:47:05] [iter 9] [Context: 153695/262144 (58.6%)]
[16:47:05] INFO: AI request (iteration 9, msgs=260)
[16:47:08] INFO: AI response: 155446 prompt + 62 response tokens (total: 9442220 / 52862)
[16:47:08] [after +62] [Context: 153753/262144 (58.7%)]
[16:47:08] [iter 10] [Context: 153753/262144 (58.7%)]
[16:47:08] INFO: AI request (iteration 10, msgs=262)
[16:47:13] INFO: AI response: 155532 prompt + 161 response tokens (total: 9597752 / 53023)
[16:47:13] [after +161] [Context: 154052/262144 (58.8%)]
[16:47:13] Auto-continue: AI round 3/50 — task 12/14: Update the gadget configuration window to:
1. Show discovere...
[16:47:13] [Context: 154157/262144 (58.8%)]
[16:47:13] [iter 1] [Context: 154157/262144 (58.8%)]
[16:47:13] INFO: AI request (iteration 1, msgs=265)
[16:47:18] INFO: AI response: 155915 prompt + 155 response tokens (total: 9753667 / 53178)
[16:47:18] [after +155] [Context: 154368/262144 (58.9%)]
[16:47:18] [iter 2] [Context: 154368/262144 (58.9%)]
[16:47:18] INFO: AI request (iteration 2, msgs=268)
[16:47:24] INFO: AI response: 156105 prompt + 205 response tokens (total: 9909772 / 53383)
[16:47:24] [after +205] [Context: 159501/262144 (60.8%)]
[16:47:24] [iter 3] [Context: 159501/262144 (60.8%)]
[16:47:24] INFO: AI request (iteration 3, msgs=270)
[16:47:30] INFO: AI response: 160309 prompt + 334 response tokens (total: 10070081 / 53717)
[16:47:30] [after +334] [Context: 159820/262144 (61.0%)]
[16:47:30] [iter 4] [Context: 159820/262144 (61.0%)]
[16:47:30] INFO: AI request (iteration 4, msgs=272)
[16:47:33] INFO: AI response: 160586 prompt + 41 response tokens (total: 10230667 / 53758)
[16:47:33] [after +41] [Context: 160042/262144 (61.1%)]
[16:47:33] [iter 5] [Context: 160042/262144 (61.1%)]
[16:47:33] INFO: AI request (iteration 5, msgs=275)
[16:47:36] INFO: AI response: 160769 prompt + 100 response tokens (total: 10391436 / 53858)
[16:47:36] [after +100] [Context: 160206/262144 (61.1%)]
[16:47:36] [iter 6] [Context: 160206/262144 (61.1%)]
[16:47:36] INFO: AI request (iteration 6, msgs=277)
[16:47:41] INFO: AI response: 161056 prompt + 304 response tokens (total: 10552492 / 54162)
[16:47:41] [after +304] [Context: 160545/262144 (61.2%)]
[16:47:41] [iter 7] [Context: 160545/262144 (61.2%)]
[16:47:41] INFO: AI request (iteration 7, msgs=279)
[16:47:45] INFO: AI response: 161370 prompt + 153 response tokens (total: 10713862 / 54315)
[16:47:45] [after +153] [Context: 160731/262144 (61.3%)]
[16:47:45] [iter 8] [Context: 160731/262144 (61.3%)]
[16:47:45] INFO: AI request (iteration 8, msgs=281)
[16:47:48] INFO: AI response: 161545 prompt + 113 response tokens (total: 10875407 / 54428)
[16:47:48] [after +113] [Context: 160880/262144 (61.4%)]
[16:47:48] [iter 9] [Context: 160880/262144 (61.4%)]
[16:47:48] INFO: AI request (iteration 9, msgs=283)
[16:47:52] INFO: AI response: 161722 prompt + 150 response tokens (total: 11037129 / 54578)
[16:47:52] [after +150] [Context: 161008/262144 (61.4%)]
[16:47:52] [iter 10] [Context: 161008/262144 (61.4%)]
[16:47:52] INFO: AI request (iteration 10, msgs=285)
[16:47:55] INFO: AI response: 161895 prompt + 96 response tokens (total: 11199024 / 54674)
[16:47:55] [after +96] [Context: 161090/262144 (61.5%)]
[16:47:55] Auto-continue: AI round 4/50 — task 14/14: Test the complete system:
1. Verify hello_world gadget appea...
[16:47:55] [Context: 161195/262144 (61.5%)]
[16:47:55] [iter 1] [Context: 161195/262144 (61.5%)]
[16:47:55] INFO: AI request (iteration 1, msgs=288)
[16:47:59] INFO: AI response: 162131 prompt + 74 response tokens (total: 11361155 / 54748)
[16:47:59] [after +74] [Context: 161255/262144 (61.5%)]
[16:47:59] [iter 2] [Context: 161255/262144 (61.5%)]
[16:47:59] INFO: AI request (iteration 2, msgs=290)
[16:48:03] INFO: AI response: 162209 prompt + 77 response tokens (total: 11523364 / 54825)
[16:48:03] [after +77] [Context: 161331/262144 (61.5%)]
[16:48:03] [iter 3] [Context: 161331/262144 (61.5%)]
[16:48:03] INFO: AI request (iteration 3, msgs=292)
[16:48:09] INFO: AI response: 162344 prompt + 388 response tokens (total: 11685708 / 55213)
[16:48:09] Error: WriteFile param 'fileName' = '/home/t3ch/.config/KosDWM/gadgets/hello_world.py' is not in an approved path. Ask the user to approve this path via the !PROJECT command.
[16:48:09] [after +388] [Context: 161782/262144 (61.7%)]
[16:48:09] [iter 4] [Context: 161782/262144 (61.7%)]
[16:48:09] INFO: AI request (iteration 4, msgs=295)
[16:48:13] INFO: AI response: 162776 prompt + 64 response tokens (total: 11848484 / 55277)
[16:48:13] [after +64] [Context: 161886/262144 (61.8%)]
[16:48:13] [iter 5] [Context: 161886/262144 (61.8%)]
[16:48:13] INFO: AI request (iteration 5, msgs=297)
[16:48:18] INFO: AI response: 162968 prompt + 302 response tokens (total: 12011452 / 55579)
[16:48:18] Error: WriteFile param 'fileName' = '/home/t3ch/.config/KosDWM/gadgets/test_gadget.py' is not in an approved path. Ask the user to approve this path via the !PROJECT command.
[16:48:18] [after +302] [Context: 162280/262144 (61.9%)]
[16:48:18] [iter 6] [Context: 162280/262144 (61.9%)]
[16:48:18] INFO: AI request (iteration 6, msgs=300)
[16:48:22] INFO: AI response: 163344 prompt + 63 response tokens (total: 12174796 / 55642)
[16:48:22] [after +63] [Context: 162398/262144 (61.9%)]
[16:48:22] [iter 7] [Context: 162398/262144 (61.9%)]
[16:48:22] INFO: AI request (iteration 7, msgs=302)
[16:48:25] INFO: AI response: 163564 prompt + 88 response tokens (total: 12338360 / 55730)
[16:48:25] [after +88] [Context: 162570/262144 (62.0%)]
[16:48:25] [iter 8] [Context: 162570/262144 (62.0%)]
[16:48:25] INFO: AI request (iteration 8, msgs=304)
[16:48:30] INFO: AI response: 163763 prompt + 192 response tokens (total: 12502123 / 55922)
[16:48:30] Error: ReplaceLine param 'fileName' = '/home/t3ch/.config/KosDWM/gadgets/hello_world.py' is not in an approved path. Ask the user to approve this path via the !PROJECT command.
[16:48:30] [after +192] [Context: 162907/262144 (62.1%)]
[16:48:30] [iter 9] [Context: 162907/262144 (62.1%)]
[16:48:30] INFO: AI request (iteration 9, msgs=307)
[16:48:33] INFO: AI response: 164120 prompt + 110 response tokens (total: 12666243 / 56032)
[16:48:33] [after +110] [Context: 162982/262144 (62.2%)]
[16:48:33] [iter 10] [Context: 162982/262144 (62.2%)]
[16:48:33] INFO: AI request (iteration 10, msgs=309)
[16:48:40] INFO: AI response: 164226 prompt + 113 response tokens (total: 12830469 / 56145)
[16:48:40] [after +113] [Context: 163057/262144 (62.2%)]
[16:48:40] Auto-continue: AI round 5/50 — task 14/14: Test the complete system:
1. Verify hello_world gadget appea...
[16:48:40] [Context: 163162/262144 (62.2%)]
[16:48:40] [iter 1] [Context: 163162/262144 (62.2%)]
[16:48:40] INFO: AI request (iteration 1, msgs=312)
[16:48:46] INFO: AI response: 164416 prompt + 288 response tokens (total: 12994885 / 56433)
[16:48:46] [after +288] [Context: 163955/262144 (62.5%)]
[16:48:46] [iter 2] [Context: 163955/262144 (62.5%)]
[16:48:46] INFO: AI request (iteration 2, msgs=314)
[16:48:51] INFO: AI response: 165066 prompt + 39 response tokens (total: 13159951 / 56472)
[16:48:51] [after +39] [Context: 169047/262144 (64.5%)]
[16:48:51] [iter 3] [Context: 169047/262144 (64.5%)]
[16:48:51] INFO: AI request (iteration 3, msgs=316)
[16:48:58] INFO: AI response: 169238 prompt + 506 response tokens (total: 13329189 / 56978)
[16:48:58] [after +506] [Context: 170704/262144 (65.1%)]
[16:48:58] [iter 4] [Context: 170704/262144 (65.1%)]
[16:48:58] INFO: AI request (iteration 4, msgs=318)
[16:49:47] INFO: AI response: 170546 prompt + 4247 response tokens (total: 13499735 / 61225)
[16:49:47] [after +4247] [Context: 175889/262144 (67.1%)]
[16:49:47] [iter 5] [Context: 175950/262144 (67.1%)]
[16:49:47] INFO: AI request (iteration 5, msgs=321)
[16:49:51] INFO: AI response: 174856 prompt + 106 response tokens (total: 13674591 / 61331)
[16:49:51] [after +106] [Context: 176095/262144 (67.2%)]
[16:49:51] [iter 6] [Context: 176095/262144 (67.2%)]
[16:49:51] INFO: AI request (iteration 6, msgs=323)
[16:49:55] INFO: AI response: 175028 prompt + 200 response tokens (total: 13849619 / 61531)
[16:49:55] [after +200] [Context: 176481/262144 (67.3%)]
[16:49:55] [iter 7] [Context: 176481/262144 (67.3%)]
[16:49:55] INFO: AI request (iteration 7, msgs=325)
[16:49:59] INFO: AI response: 175398 prompt + 76 response tokens (total: 14025017 / 61607)
[16:49:59] [after +76] [Context: 176514/262144 (67.3%)]
[16:49:59] [iter 8] [Context: 176514/262144 (67.3%)]
[16:49:59] INFO: AI request (iteration 8, msgs=327)
[16:50:03] INFO: AI response: 175427 prompt + 169 response tokens (total: 14200444 / 61776)
[16:50:03] [after +169] [Context: 176725/262144 (67.4%)]
[16:50:03] You: 
[17:15:37] You: 
[17:15:41] [Context: 176380/262144 (67.3%)]
[17:15:41] [iter 1] [Context: 176380/262144 (67.3%)]
[17:15:41] INFO: AI request (iteration 1, msgs=329)
[17:15:58] <Write
[Aborted: 'WriteFile' cannot be used in PLAN mode]
[17:15:58] Stream aborted: 'WriteFile' cannot be used in PLAN mode
[17:15:58] INFO: AI response: 0 prompt + 0 response tokens (total: 14200444 / 61776)
[17:15:58] [after +0] [Context: 176896/262144 (67.5%)]
[17:15:58] Model tried to use 'WriteFile' in PLAN mode.
[17:15:58]   1. Switch to BUILD mode (allow the tool)
[17:15:58]   2. Stay in PLAN mode (block the tool, continue planning)
[17:15:58]   3. Cancel AI (return to user prompt)
[17:15:58]   4. Continue (dismiss, let the model proceed)
[17:15:58] Choice (1-4): 
[17:16:13] You: 
[17:18:53] [Context: 177034/262144 (67.5%)]
[17:18:53] [iter 1] [Context: 177034/262144 (67.5%)]
[17:18:53] INFO: AI request (iteration 1, msgs=332)
[17:18:56] INFO: AI response: 175609 prompt + 125 response tokens (total: 14376053 / 61901)
[17:18:56] [after +125] [Context: 179706/262144 (68.6%)]
[17:18:56] [iter 2] [Context: 179706/262144 (68.6%)]
[17:18:56] INFO: AI request (iteration 2, msgs=336)
[17:19:00] INFO: AI response: 178178 prompt + 37 response tokens (total: 14554231 / 61938)
[17:19:00] [after +37] [Context: 179898/262144 (68.6%)]
[17:19:00] [iter 3] [Context: 179898/262144 (68.6%)]
[17:19:00] INFO: AI request (iteration 3, msgs=338)
[17:19:03] INFO: AI response: 178438 prompt + 36 response tokens (total: 14732669 / 61974)
[17:19:03] [after +36] [Context: 185050/262144 (70.6%)]
[17:19:03] [iter 4] [Context: 185050/262144 (70.6%)]
[17:19:03] INFO: AI request (iteration 4, msgs=340)
[17:19:08] INFO: AI response: 182658 prompt + 193 response tokens (total: 14915327 / 62167)
[17:19:08] [after +193] [Context: 185265/262144 (70.7%)]
[17:19:08] [iter 5] [Context: 185265/262144 (70.7%)]
[17:19:08] INFO: AI request (iteration 5, msgs=342)
[17:19:22] INFO: AI response: 182853 prompt + 1006 response tokens (total: 15098180 / 63173)
[17:19:22] [after +1006] [Context: 186496/262144 (71.1%)]
[17:19:22] [iter 6] [Context: 186496/262144 (71.1%)]
[17:19:22] INFO: AI request (iteration 6, msgs=350)
[17:19:27] INFO: AI response: 184051 prompt + 23 response tokens (total: 15282231 / 63196)
[17:19:27] [after +23] [Context: 186793/262144 (71.3%)]
[17:19:27] Plan complete — switched to BUILD mode. Waiting for your instruction.
[17:19:27] You: 
[17:19:35] You: 
[17:19:48] [Context: 186793/262144 (71.3%)]
[17:19:48] [iter 1] [Context: 186793/262144 (71.3%)]
[17:19:48] INFO: AI request (iteration 1, msgs=353)
[17:20:08] INFO: AI response: 184339 prompt + 2771 response tokens (total: 15466570 / 65967)
[17:20:08] [after +2771] [Context: 189997/262144 (72.5%)]
[17:20:08] [iter 2] [Context: 189997/262144 (72.5%)]
[17:20:08] INFO: AI request (iteration 2, msgs=355)
[17:20:13] INFO: AI response: 187112 prompt + 71 response tokens (total: 15653682 / 66038)
[17:20:13] [after +71] [Context: 190057/262144 (72.5%)]
[17:20:13] [iter 3] [Context: 190057/262144 (72.5%)]
[17:20:13] INFO: AI request (iteration 3, msgs=357)
[17:20:20] INFO: AI response: 187198 prompt + 225 response tokens (total: 15840880 / 66263)
[17:20:20] [after +225] [Context: 190472/262144 (72.7%)]
[17:20:20] [iter 4] [Context: 190472/262144 (72.7%)]
[17:20:20] INFO: AI request (iteration 4, msgs=359)
[17:20:23] INFO: AI response: 187620 prompt + 27 response tokens (total: 16028500 / 66290)
[17:20:23] [after +27] [Context: 190780/262144 (72.8%)]
[17:20:23] [iter 5] [Context: 190780/262144 (72.8%)]
[17:20:23] INFO: AI request (iteration 5, msgs=362)
[17:21:08] INFO: AI response: 187925 prompt + 4123 response tokens (total: 16216425 / 70413)
[17:21:08] [after +4123] [Context: 195268/262144 (74.5%)]
[17:21:08] [iter 6] [Context: 195268/262144 (74.5%)]
[17:21:08] INFO: AI request (iteration 6, msgs=364)
[17:21:12] INFO: AI response: 191947 prompt + 70 response tokens (total: 16408372 / 70483)
[17:21:12] [after +70] [Context: 195331/262144 (74.5%)]
[17:21:12] [iter 7] [Context: 195331/262144 (74.5%)]
[17:21:12] INFO: AI request (iteration 7, msgs=366)
[17:21:28] INFO: AI response: 192041 prompt + 194 response tokens (total: 16600413 / 70677)
[17:21:28] [after +194] [Context: 195680/262144 (74.6%)]
[17:21:28] [iter 8] [Context: 195680/262144 (74.6%)]
[17:21:28] INFO: AI request (iteration 8, msgs=368)
[17:21:32] INFO: AI response: 192405 prompt + 39 response tokens (total: 16792818 / 70716)
[17:21:32] [after +39] [Context: 196007/262144 (74.8%)]
[17:21:32] [iter 9] [Context: 196007/262144 (74.8%)]
[17:21:32] INFO: AI request (iteration 9, msgs=371)
[17:22:23] INFO: AI response: 192758 prompt + 3854 response tokens (total: 16985576 / 74570)
[17:22:23] [after +3854] [Context: 201212/262144 (76.8%)]
[17:22:23] [iter 10] [Context: 201212/262144 (76.8%)]
[17:22:23] INFO: AI request (iteration 10, msgs=373)
[17:22:27] INFO: AI response: 196606 prompt + 74 response tokens (total: 17182182 / 74644)
[17:22:27] [after +74] [Context: 201271/262144 (76.8%)]
[17:22:27] Auto-continue: AI round 1/50 — task 3/7: Create src/notices_api.py with a Flask-based HTTP API server...
[17:22:27] [Context: 201428/262144 (76.8%)]
[17:22:27] [iter 1] [Context: 201428/262144 (76.8%)]
[17:22:27] INFO: AI request (iteration 1, msgs=376)
[17:22:35] INFO: AI response: 196861 prompt + 263 response tokens (total: 17379043 / 74907)
[17:22:35] [after +263] [Context: 201797/262144 (77.0%)]
[17:22:35] [iter 2] [Context: 201797/262144 (77.0%)]
[17:22:35] INFO: AI request (iteration 2, msgs=378)
[17:22:39] INFO: AI response: 197227 prompt + 56 response tokens (total: 17576270 / 74963)
[17:22:39] [after +56] [Context: 202050/262144 (77.1%)]
[17:22:39] [iter 3] [Context: 202050/262144 (77.1%)]
[17:22:39] INFO: AI request (iteration 3, msgs=381)
[17:22:42] INFO: AI response: 197464 prompt + 60 response tokens (total: 17773734 / 75023)
[17:22:42] [after +60] [Context: 206513/262144 (78.8%)]
[17:22:42] [iter 4] [Context: 206513/262144 (78.8%)]
[17:22:42] INFO: AI request (iteration 4, msgs=383)
[17:23:40] INFO: AI response: 201456 prompt + 5093 response tokens (total: 17975190 / 80116)
[17:23:40] [after +5093] [Context: 212094/262144 (80.9%)]
[17:23:45] [iter 5] [Context: 20442/262144 (7.8%)]
[17:23:45] INFO: AI request (iteration 5, msgs=21)
[17:23:47] INFO: AI response: 17508 prompt + 56 response tokens (total: 17992698 / 80172)
[17:23:47] [after +56] [Context: 20482/262144 (7.8%)]
[17:23:47] Auto-continue: AI round 2/50 — task 4/7: Update the NoticesGadget to integrate with the HTTP API: (1)...
[17:23:47] [Context: 20602/262144 (7.9%)]
[17:23:47] [iter 1] [Context: 20602/262144 (7.9%)]
[17:23:47] INFO: AI request (iteration 1, msgs=23)
[17:23:50] INFO: AI response: 17625 prompt + 257 response tokens (total: 18010323 / 80429)
[17:23:50] [after +257] [Context: 20665/262144 (7.9%)]
[17:23:50] [iter 2] [Context: 20665/262144 (7.9%)]
[17:23:50] INFO: AI request (iteration 2, msgs=25)
[17:23:52] INFO: AI response: 17719 prompt + 56 response tokens (total: 18028042 / 80485)
[17:23:52] [after +56] [Context: 26220/262144 (10.0%)]
[17:23:52] [iter 3] [Context: 26220/262144 (10.0%)]
[17:23:52] INFO: AI request (iteration 3, msgs=27)
[17:23:55] INFO: AI response: 22722 prompt + 212 response tokens (total: 18050764 / 80697)
[17:23:55] [after +212] [Context: 26444/262144 (10.1%)]
[17:23:55] [iter 4] [Context: 26444/262144 (10.1%)]
[17:23:55] INFO: AI request (iteration 4, msgs=29)
[17:23:58] INFO: AI response: 22942 prompt + 46 response tokens (total: 18073706 / 80743)
[17:23:58] [after +46] [Context: 26731/262144 (10.2%)]
[17:23:58] [iter 5] [Context: 26731/262144 (10.2%)]
[17:23:58] INFO: AI request (iteration 5, msgs=32)
[17:24:29] INFO: AI response: 23193 prompt + 5068 response tokens (total: 18096899 / 85811)
[17:24:29] [after +5068] [Context: 32411/262144 (12.4%)]
[17:24:29] [iter 6] [Context: 32411/262144 (12.4%)]
[17:24:29] INFO: AI request (iteration 6, msgs=34)
[17:24:32] INFO: AI response: 28137 prompt + 98 response tokens (total: 18125036 / 85909)
[17:24:32] [after +98] [Context: 37966/262144 (14.5%)]
[17:24:32] [iter 7] [Context: 37966/262144 (14.5%)]
[17:24:32] INFO: AI request (iteration 7, msgs=36)
[17:25:07] INFO: AI response: 33140 prompt + 5758 response tokens (total: 18158176 / 91667)
[17:25:07] [after +5758] [Context: 44424/262144 (16.9%)]
[17:25:07] [iter 8] [Context: 44424/262144 (16.9%)]
[17:25:07] INFO: AI request (iteration 8, msgs=38)
[17:25:10] INFO: AI response: 38874 prompt + 60 response tokens (total: 18197050 / 91727)
[17:25:10] [after +60] [Context: 44484/262144 (17.0%)]
[17:25:10] [iter 9] [Context: 44484/262144 (17.0%)]
[17:25:10] INFO: AI request (iteration 9, msgs=40)
[17:25:13] INFO: AI response: 38959 prompt + 76 response tokens (total: 18236009 / 91803)
[17:25:13] [after +76] [Context: 44547/262144 (17.0%)]
[17:25:13] [iter 10] [Context: 44547/262144 (17.0%)]
[17:25:13] INFO: AI request (iteration 10, msgs=42)
[17:25:16] INFO: AI response: 39053 prompt + 253 response tokens (total: 18275062 / 92056)
[17:25:16] [after +253] [Context: 44855/262144 (17.1%)]
[17:25:16] Auto-continue: AI round 3/50 — task 5/7: Create a reminder notification system: (1) Add a ReminderThr...
[17:25:16] [Context: 44992/262144 (17.2%)]
[17:25:16] [iter 1] [Context: 44992/262144 (17.2%)]
[17:25:16] INFO: AI request (iteration 1, msgs=45)
[17:25:19] INFO: AI response: 39435 prompt + 23 response tokens (total: 18314497 / 92079)
[17:25:19] [after +23] [Context: 45292/262144 (17.3%)]
[17:25:19] [iter 2] [Context: 45292/262144 (17.3%)]
[17:25:19] INFO: AI request (iteration 2, msgs=48)
[17:25:23] INFO: AI response: 39728 prompt + 261 response tokens (total: 18354225 / 92340)
[17:25:23] [after +261] [Context: 51725/262144 (19.7%)]
[17:25:23] [iter 3] [Context: 51725/262144 (19.7%)]
[17:25:23] INFO: AI request (iteration 3, msgs=50)
[17:26:02] INFO: AI response: 45432 prompt + 7302 response tokens (total: 18399657 / 99642)
[17:26:02] [after +7302] [Context: 59808/262144 (22.8%)]
[17:26:02] [iter 4] [Context: 59808/262144 (22.8%)]
[17:26:02] INFO: AI request (iteration 4, msgs=52)
[17:26:05] INFO: AI response: 52603 prompt + 72 response tokens (total: 18452260 / 99714)
[17:26:05] [after +72] [Context: 59871/262144 (22.8%)]
[17:26:05] [iter 5] [Context: 59871/262144 (22.8%)]
[17:26:05] INFO: AI request (iteration 5, msgs=54)
[17:26:09] INFO: AI response: 52697 prompt + 265 response tokens (total: 18504957 / 99979)
[17:26:09] [after +265] [Context: 60146/262144 (22.9%)]
[17:26:09] [iter 6] [Context: 60146/262144 (22.9%)]
[17:26:09] INFO: AI request (iteration 6, msgs=56)
[17:26:13] INFO: AI response: 52971 prompt + 23 response tokens (total: 18557928 / 100002)
[17:26:13] [after +23] [Context: 60399/262144 (23.0%)]
[17:26:13] [iter 7] [Context: 60399/262144 (23.0%)]
[17:26:13] INFO: AI request (iteration 7, msgs=59)
[17:26:44] INFO: AI response: 53196 prompt + 3935 response tokens (total: 18611124 / 103937)
[17:26:44] [after +3935] [Context: 64403/262144 (24.6%)]
[17:26:44] [iter 8] [Context: 64403/262144 (24.6%)]
[17:26:44] INFO: AI request (iteration 8, msgs=61)
[17:27:15] INFO: AI response: 57036 prompt + 3394 response tokens (total: 18668160 / 107331)
[17:27:15] [after +3394] [Context: 67382/262144 (25.7%)]
[17:27:15] [iter 9] [Context: 67382/262144 (25.7%)]
[17:27:15] INFO: AI request (iteration 9, msgs=63)
[17:27:20] INFO: AI response: 60446 prompt + 53 response tokens (total: 18728606 / 107384)
[17:27:20] [after +53] [Context: 67436/262144 (25.7%)]
[17:27:20] [iter 10] [Context: 67436/262144 (25.7%)]
[17:27:20] INFO: AI request (iteration 10, msgs=65)
[17:27:22] INFO: AI response: 60521 prompt + 42 response tokens (total: 18789127 / 107426)
[17:27:22] [after +42] [Context: 67534/262144 (25.8%)]
[17:27:22] Auto-continue: AI round 4/50 — task 7/7: Test the complete system: (1) Verify notices gadget appears ...
[17:27:22] [Context: 67654/262144 (25.8%)]
[17:27:22] [iter 1] [Context: 67654/262144 (25.8%)]
[17:27:22] INFO: AI request (iteration 1, msgs=68)
[17:28:11] INFO: AI response: 60749 prompt + 5067 response tokens (total: 18849876 / 112493)
[17:28:11] [after +5067] [Context: 72897/262144 (27.8%)]
[17:28:11] [iter 2] [Context: 72897/262144 (27.8%)]
[17:28:11] INFO: AI request (iteration 2, msgs=70)
[17:28:14] INFO: AI response: 65791 prompt + 39 response tokens (total: 18915667 / 112532)
[17:28:14] ✓ Terminal: Warning: Flask not installed. API server will not be available.
Install with: pip install flask flask-cors
Warning: API server not available: No module named 'notices_store'

╔══════════════════════════════════════════════════════════════╗
║         NOTICES SYSTEM TEST SUITE                            ║
╚══════════════════════════════════════════════════════════════╝

============================================================
TEST 1: Data Model and Stor... (truncated, 3793 chars total)
[17:28:14] [after +39] [Context: 73880/262144 (28.2%)]
[17:28:14] [iter 3] [Context: 73880/262144 (28.2%)]
[17:28:14] INFO: AI request (iteration 3, msgs=72)
[17:28:28] INFO: AI response: 66827 prompt + 1207 response tokens (total: 18982494 / 113739)
[17:28:28] [after +1207] [Context: 75029/262144 (28.6%)]
[17:28:28] [iter 4] [Context: 75029/262144 (28.6%)]
[17:28:28] INFO: AI request (iteration 4, msgs=74)
[17:28:35] INFO: AI response: 68005 prompt + 198 response tokens (total: 19050499 / 113937)
[17:28:35] [after +198] [Context: 75267/262144 (28.7%)]
[17:28:35] Auto-continue: AI round 5/50 — task 7/7: Test the complete system: (1) Verify notices gadget appears ...
[17:28:35] [Context: 75387/262144 (28.8%)]
[17:28:35] [iter 1] [Context: 75387/262144 (28.8%)]
[17:28:35] INFO: AI request (iteration 1, msgs=76)
[17:28:44] INFO: AI response: 68116 prompt + 527 response tokens (total: 19118615 / 114464)
[17:28:44] [after +527] [Context: 75705/262144 (28.9%)]
[17:28:44] [iter 2] [Context: 75705/262144 (28.9%)]
[17:28:44] INFO: AI request (iteration 2, msgs=78)
[17:28:47] INFO: AI response: 68387 prompt + 35 response tokens (total: 19187002 / 114499)
[17:28:47] [after +35] [Context: 75738/262144 (28.9%)]
[17:28:47] [iter 3] [Context: 75738/262144 (28.9%)]
[17:28:47] INFO: AI request (iteration 3, msgs=80)
[17:28:56] INFO: AI response: 68416 prompt + 678 response tokens (total: 19255418 / 115177)
[17:28:56] [after +678] [Context: 76467/262144 (29.2%)]
[17:28:56] You: 
[17:43:29] [Context: 76509/262144 (29.2%)]
[17:43:29] [iter 1] [Context: 76509/262144 (29.2%)]
[17:43:29] INFO: AI request (iteration 1, msgs=82)
[17:43:33] INFO: AI response: 68875 prompt + 165 response tokens (total: 19324293 / 115342)
[17:43:33] [after +165] [Context: 84567/262144 (32.3%)]
[17:43:33] [iter 2] [Context: 84567/262144 (32.3%)]
[17:43:33] INFO: AI request (iteration 2, msgs=84)
[17:43:36] INFO: AI response: 76016 prompt + 181 response tokens (total: 19400309 / 115523)
[17:43:36] [after +181] [Context: 84749/262144 (32.3%)]
[17:43:36] [iter 3] [Context: 84749/262144 (32.3%)]
[17:43:36] INFO: AI request (iteration 3, msgs=86)
[17:43:39] INFO: AI response: 76350 prompt + 52 response tokens (total: 19476659 / 115575)
[17:43:39] [after +52] [Context: 86057/262144 (32.8%)]
[17:43:39] [iter 4] [Context: 86057/262144 (32.8%)]
[17:43:39] INFO: AI request (iteration 4, msgs=88)
[17:43:43] INFO: AI response: 77510 prompt + 160 response tokens (total: 19554169 / 115735)
[17:43:43] [after +160] [Context: 86120/262144 (32.9%)]
[17:43:43] [iter 5] [Context: 86120/262144 (32.9%)]
[17:43:43] INFO: AI request (iteration 5, msgs=90)
[17:43:45] INFO: AI response: 77591 prompt + 34 response tokens (total: 19631760 / 115769)
[17:43:45] [after +34] [Context: 86167/262144 (32.9%)]
[17:43:45] [iter 6] [Context: 86167/262144 (32.9%)]
[17:43:45] INFO: AI request (iteration 6, msgs=92)
[17:43:48] INFO: AI response: 77659 prompt + 62 response tokens (total: 19709419 / 115831)
[17:43:48] [after +62] [Context: 86267/262144 (32.9%)]
[17:43:48] [iter 7] [Context: 86267/262144 (32.9%)]
[17:43:48] INFO: AI request (iteration 7, msgs=94)
[17:43:51] INFO: AI response: 77842 prompt + 112 response tokens (total: 19787261 / 115943)
[17:43:51] [after +112] [Context: 86454/262144 (33.0%)]
[17:43:51] [iter 8] [Context: 86454/262144 (33.0%)]
[17:43:51] INFO: AI request (iteration 8, msgs=96)
[17:44:42] INFO: AI response: 78205 prompt + 7866 response tokens (total: 19865466 / 123809)
[17:44:42] [after +7866] [Context: 95113/262144 (36.3%)]
[17:44:42] [iter 9] [Context: 95113/262144 (36.3%)]
[17:44:42] INFO: AI request (iteration 9, msgs=98)
[17:44:46] INFO: AI response: 85827 prompt + 186 response tokens (total: 19951293 / 123995)
[17:44:46] [after +186] [Context: 95212/262144 (36.3%)]
[17:44:46] [iter 10] [Context: 95212/262144 (36.3%)]
[17:44:46] INFO: AI request (iteration 10, msgs=100)
[17:44:50] INFO: AI response: 85972 prompt + 149 response tokens (total: 20037265 / 124144)
[17:44:50] [after +149] [Context: 95277/262144 (36.3%)]
[17:44:50] You: 
[17:46:23] [Context: 95287/262144 (36.3%)]
[17:46:23] [iter 1] [Context: 95287/262144 (36.3%)]
[17:46:23] INFO: AI request (iteration 1, msgs=103)
[17:46:28] INFO: AI response: 86080 prompt + 309 response tokens (total: 20123345 / 124453)
[17:46:28] [after +309] [Context: 95528/262144 (36.4%)]
[17:46:28] [iter 2] [Context: 95528/262144 (36.4%)]
[17:46:28] INFO: AI request (iteration 2, msgs=105)
[17:47:19] INFO: AI response: 86503 prompt + 7859 response tokens (total: 20209848 / 132312)
[17:47:19] [after +7859] [Context: 104182/262144 (39.7%)]
[17:47:19] [iter 3] [Context: 104182/262144 (39.7%)]
[17:47:19] INFO: AI request (iteration 3, msgs=107)
[17:47:23] INFO: AI response: 94153 prompt + 96 response tokens (total: 20304001 / 132408)
[17:47:23] [after +96] [Context: 104264/262144 (39.8%)]
[17:47:23] [iter 4] [Context: 104264/262144 (39.8%)]
[17:47:23] INFO: AI request (iteration 4, msgs=109)
[17:47:27] INFO: AI response: 94265 prompt + 226 response tokens (total: 20398266 / 132634)
[17:47:27] [after +226] [Context: 104327/262144 (39.8%)]
[17:47:27] [iter 5] [Context: 104327/262144 (39.8%)]
[17:47:27] INFO: AI request (iteration 5, msgs=111)
[17:47:31] INFO: AI response: 94359 prompt + 74 response tokens (total: 20492625 / 132708)
[17:47:31] [after +74] [Context: 104384/262144 (39.8%)]
[17:47:31] [iter 6] [Context: 104384/262144 (39.8%)]
[17:47:31] INFO: AI request (iteration 6, msgs=113)
[17:47:37] INFO: AI response: 94445 prompt + 500 response tokens (total: 20587070 / 133208)
[17:47:37] [after +500] [Context: 104884/262144 (40.0%)]
[17:47:37] You: 
[17:56:07] [Context: 104916/262144 (40.0%)]
[17:56:07] [iter 1] [Context: 104916/262144 (40.0%)]
[17:56:07] INFO: AI request (iteration 1, msgs=115)
[17:56:13] INFO: AI response: 94779 prompt + 430 response tokens (total: 20681849 / 133638)
[17:56:13] [after +430] [Context: 105068/262144 (40.1%)]
[17:56:13] [iter 2] [Context: 105068/262144 (40.1%)]
[17:56:13] INFO: AI request (iteration 2, msgs=117)
[17:57:30] INFO: AI response: 94922 prompt + 12906 response tokens (total: 20776771 / 146544)
[17:57:30] [after +12906] [Context: 119196/262144 (45.5%)]
[17:57:30] [iter 3] [Context: 119196/262144 (45.5%)]
[17:57:30] INFO: AI request (iteration 3, msgs=119)
[17:58:07] INFO: AI response: 107870 prompt + 4435 response tokens (total: 20884641 / 150979)
[17:58:07] [after +4435] [Context: 123870/262144 (47.3%)]
[17:58:07] [iter 4] [Context: 123931/262144 (47.3%)]
[17:58:07] INFO: AI request (iteration 4, msgs=122)
[17:58:26] INFO: AI response: 112665 prompt + 1919 response tokens (total: 20997306 / 152898)
[17:58:26] [after +1919] [Context: 125726/262144 (48.0%)]
[17:58:26] [iter 5] [Context: 125726/262144 (48.0%)]
[17:58:26] INFO: AI request (iteration 5, msgs=124)
[17:58:30] INFO: AI response: 114515 prompt + 38 response tokens (total: 21111821 / 152936)
[17:58:30] [after +38] [Context: 125763/262144 (48.0%)]
[17:58:30] [iter 6] [Context: 125763/262144 (48.0%)]
[17:58:30] INFO: AI request (iteration 6, msgs=126)
[17:58:35] INFO: AI response: 114552 prompt + 318 response tokens (total: 21226373 / 153254)
[17:58:35] [after +318] [Context: 126080/262144 (48.1%)]
[17:58:35] You: 
[17:59:25] [Context: 126129/262144 (48.1%)]
[17:59:25] [iter 1] [Context: 126129/262144 (48.1%)]
[17:59:25] INFO: AI request (iteration 1, msgs=128)
[17:59:30] INFO: AI response: 114843 prompt + 230 response tokens (total: 21341216 / 153484)
[17:59:30] [after +230] [Context: 126309/262144 (48.2%)]
[17:59:30] [iter 2] [Context: 126309/262144 (48.2%)]
[17:59:30] INFO: AI request (iteration 2, msgs=130)
[17:59:53] INFO: AI response: 115010 prompt + 3348 response tokens (total: 21456226 / 156832)
[17:59:53] [after +3348] [Context: 129558/262144 (49.4%)]
[17:59:53] [iter 3] [Context: 129558/262144 (49.4%)]
[17:59:53] INFO: AI request (iteration 3, msgs=132)
[18:00:01] INFO: AI response: 118278 prompt + 809 response tokens (total: 21574504 / 157641)
[18:00:01] [after +809] [Context: 130408/262144 (49.7%)]
[18:00:01] [iter 4] [Context: 130408/262144 (49.7%)]
[18:00:01] INFO: AI request (iteration 4, msgs=134)
[18:00:12] INFO: AI response: 119097 prompt + 525 response tokens (total: 21693601 / 158166)
[18:00:12] [after +525] [Context: 130973/262144 (50.0%)]
[18:00:12] [iter 5] [Context: 130973/262144 (50.0%)]
[18:00:12] INFO: AI request (iteration 5, msgs=136)
[18:00:28] INFO: AI response: 119632 prompt + 850 response tokens (total: 21813233 / 159016)
[18:00:28] [after +850] [Context: 131724/262144 (50.2%)]
[18:00:28] [iter 6] [Context: 131724/262144 (50.2%)]
[18:00:28] INFO: AI request (iteration 6, msgs=138)
[18:00:44] INFO: AI response: 120493 prompt + 615 response tokens (total: 21933726 / 159631)
[18:00:44] [after +615] [Context: 132112/262144 (50.4%)]
[18:00:44] [iter 7] [Context: 132112/262144 (50.4%)]
[18:00:44] INFO: AI request (iteration 7, msgs=140)
[18:00:54] INFO: AI response: 120893 prompt + 216 response tokens (total: 22054619 / 159847)
[18:00:54] [after +216] [Context: 132342/262144 (50.5%)]
[18:00:54] You: 
[15:55:41] You: 
[16:00:09] [Context: 132534/262144 (50.6%)]
[16:00:09] [iter 1] [Context: 132534/262144 (50.6%)]
[16:00:09] INFO: AI request (iteration 1, msgs=142)
[16:00:22] INFO: AI response: 121160 prompt + 229 response tokens (total: 22175779 / 160076)
[16:00:22] ✓ ReadFile: Error: Missing required parameter(s): fileName
Usage:
<ReadFile>
<fileName>string</fileName>
<max_chars>string</max_chars>
</ReadFile>
[16:00:22] [after +229] [Context: 132626/262144 (50.6%)]
[16:00:22] [iter 2] [Context: 132626/262144 (50.6%)]
[16:00:22] INFO: AI request (iteration 2, msgs=145)
[16:00:27] INFO: AI response: 121252 prompt + 51 response tokens (total: 22297031 / 160127)
[16:00:27] [after +51] [Context: 135633/262144 (51.7%)]
[16:00:27] [iter 3] [Context: 135633/262144 (51.7%)]
[16:00:27] INFO: AI request (iteration 3, msgs=147)
[16:00:33] INFO: AI response: 127198 prompt + 53 response tokens (total: 22424229 / 160180)
[16:00:33] [after +53] [Context: 135812/262144 (51.8%)]
[16:00:33] [iter 4] [Context: 135812/262144 (51.8%)]
[16:00:33] INFO: AI request (iteration 4, msgs=149)
[16:00:38] INFO: AI response: 127407 prompt + 66 response tokens (total: 22551636 / 160246)
[16:00:38] [after +66] [Context: 136115/262144 (51.9%)]
[16:00:38] [iter 5] [Context: 136115/262144 (51.9%)]
[16:00:38] INFO: AI request (iteration 5, msgs=151)
[16:00:42] INFO: AI response: 127981 prompt + 52 response tokens (total: 22679617 / 160298)
[16:00:42] [after +52] [Context: 136736/262144 (52.2%)]
[16:00:42] [iter 6] [Context: 136736/262144 (52.2%)]
[16:00:42] INFO: AI request (iteration 6, msgs=153)
[16:00:50] INFO: AI response: 128690 prompt + 281 response tokens (total: 22808307 / 160579)
[16:00:50] [after +281] [Context: 136914/262144 (52.2%)]
[16:00:50] [iter 7] [Context: 136914/262144 (52.2%)]
[16:00:50] INFO: AI request (iteration 7, msgs=155)
[16:00:55] INFO: AI response: 128857 prompt + 160 response tokens (total: 22937164 / 160739)
[16:00:55] [after +160] [Context: 137082/262144 (52.3%)]
[16:00:55] Plan complete — switched to BUILD mode. Waiting for your instruction.
[16:00:55] You: 
[16:01:04] You: 
[16:01:22] [Context: 137109/262144 (52.3%)]
[16:01:22] [iter 1] [Context: 137109/262144 (52.3%)]
[16:01:22] INFO: AI request (iteration 1, msgs=158)
[16:01:26] INFO: AI response: 129036 prompt + 57 response tokens (total: 23066200 / 160796)
[16:01:26] ✓ GetTip: Error: Missing required parameter(s): title
Usage:
<GetTip>
<title>string</title>
</GetTip>
[16:01:26] [after +57] [Context: 137156/262144 (52.3%)]
[16:01:26] [iter 2] [Context: 137156/262144 (52.3%)]
[16:01:26] INFO: AI request (iteration 2, msgs=160)
[16:01:29] INFO: AI response: 129083 prompt + 35 response tokens (total: 23195283 / 160831)
[16:01:29] ✓ ReinsertTip: Error: Missing required parameter(s): title
Usage:
<ReinsertTip>
<title>string</title>
</ReinsertTip>
[16:01:29] [after +35] [Context: 137208/262144 (52.3%)]
[16:01:29] [iter 3] [Context: 137208/262144 (52.3%)]
[16:01:29] INFO: AI request (iteration 3, msgs=162)
[16:01:35] INFO: AI response: 129136 prompt + 248 response tokens (total: 23324419 / 161079)
[16:01:35] [after +248] [Context: 137419/262144 (52.4%)]
[16:01:35] [iter 4] [Context: 137419/262144 (52.4%)]
[16:01:35] INFO: AI request (iteration 4, msgs=164)
[16:01:51] INFO: AI response: 129355 prompt + 1174 response tokens (total: 23453774 / 162253)
[16:01:51] [after +1174] [Context: 138571/262144 (52.9%)]
[16:01:51] [iter 5] [Context: 138571/262144 (52.9%)]
[16:01:51] INFO: AI request (iteration 5, msgs=166)
[16:01:56] INFO: AI response: 130528 prompt + 185 response tokens (total: 23584302 / 162438)
[16:01:56] [after +185] [Context: 138750/262144 (52.9%)]
[16:01:56] [iter 6] [Context: 138750/262144 (52.9%)]
[16:01:56] INFO: AI request (iteration 6, msgs=168)
[16:02:08] INFO: AI response: 130716 prompt + 56 response tokens (total: 23715018 / 162494)
[16:02:08] ✓ ReadFile: Error: File `src/kosdwm.py` not found (checked workin/ and CWD)
[16:02:08] [after +56] [Context: 138802/262144 (52.9%)]
[16:02:08] [iter 7] [Context: 138802/262144 (52.9%)]
[16:02:08] INFO: AI request (iteration 7, msgs=170)
[16:02:12] INFO: AI response: 130780 prompt + 58 response tokens (total: 23845798 / 162552)
[16:02:12] [after +58] [Context: 138986/262144 (53.0%)]
[16:02:12] [iter 8] [Context: 138986/262144 (53.0%)]
[16:02:12] INFO: AI request (iteration 8, msgs=172)
[16:02:17] INFO: AI response: 131138 prompt + 60 response tokens (total: 23976936 / 162612)
[16:02:17] [after +60] [Context: 139468/262144 (53.2%)]
[16:02:17] [iter 9] [Context: 139468/262144 (53.2%)]
[16:02:17] INFO: AI request (iteration 9, msgs=174)
[16:02:21] INFO: AI response: 132086 prompt + 59 response tokens (total: 24109022 / 162671)
[16:02:21] ✓ ReadFile: Error: File `run.py` not found (checked workin/ and CWD)
[16:02:21] [after +59] [Context: 139517/262144 (53.2%)]
[16:02:21] [iter 10] [Context: 139517/262144 (53.2%)]
[16:02:21] INFO: AI request (iteration 10, msgs=176)
[16:02:32] INFO: AI response: 132144 prompt + 269 response tokens (total: 24241166 / 162940)
[16:02:32] [after +269] [Context: 139801/262144 (53.3%)]
[16:02:32] You: 
[16:02:52] [Context: 139823/262144 (53.3%)]
[16:02:52] [iter 1] [Context: 139823/262144 (53.3%)]
[16:02:52] INFO: AI request (iteration 1, msgs=179)
[16:02:55] INFO: AI response: 132417 prompt + 68 response tokens (total: 24373583 / 163008)
[16:02:55] ✓ ReadFile: Error: File `src/gadgets.py` not found (checked workin/ and CWD)
[16:02:55] [after +68] [Context: 139876/262144 (53.4%)]
[16:02:55] [iter 2] [Context: 139876/262144 (53.4%)]
[16:02:55] INFO: AI request (iteration 2, msgs=181)
[16:02:59] INFO: AI response: 132481 prompt + 43 response tokens (total: 24506064 / 163051)
[16:02:59] [after +43] [Context: 139923/262144 (53.4%)]
[16:02:59] [iter 3] [Context: 139923/262144 (53.4%)]
[16:02:59] INFO: AI request (iteration 3, msgs=183)
[16:03:03] INFO: AI response: 132549 prompt + 62 response tokens (total: 24638613 / 163113)
[16:03:03] [after +62] [Context: 140271/262144 (53.5%)]
[16:03:03] [iter 4] [Context: 140332/262144 (53.5%)]
[16:03:03] INFO: AI request (iteration 4, msgs=186)
[16:03:29] INFO: AI response: 132933 prompt + 2146 response tokens (total: 24771546 / 165259)
[16:03:29] [after +2146] [Context: 142822/262144 (54.5%)]
[16:03:29] [iter 5] [Context: 142822/262144 (54.5%)]
[16:03:29] INFO: AI request (iteration 5, msgs=188)
[16:03:32] INFO: AI response: 135075 prompt + 53 response tokens (total: 24906621 / 165312)
[16:03:32] [after +53] [Context: 142900/262144 (54.5%)]
[16:03:32] [iter 6] [Context: 142900/262144 (54.5%)]
[16:03:32] INFO: AI request (iteration 6, msgs=190)
[16:03:35] INFO: AI response: 135178 prompt + 50 response tokens (total: 25041799 / 165362)
[16:03:35] [after +50] [Context: 142971/262144 (54.5%)]
[16:03:35] [iter 7] [Context: 142971/262144 (54.5%)]
[16:03:35] INFO: AI request (iteration 7, msgs=192)
[16:03:38] INFO: AI response: 135274 prompt + 41 response tokens (total: 25177073 / 165403)
[16:03:38] [after +41] [Context: 143449/262144 (54.7%)]
[16:03:38] [iter 8] [Context: 143449/262144 (54.7%)]
[16:03:38] INFO: AI request (iteration 8, msgs=194)
[16:03:41] INFO: AI response: 136215 prompt + 61 response tokens (total: 25313288 / 165464)
[16:03:41] [after +61] [Context: 143531/262144 (54.8%)]
[16:03:41] [iter 9] [Context: 143531/262144 (54.8%)]
[16:03:41] INFO: AI request (iteration 9, msgs=196)
[16:03:55] INFO: AI response: 136367 prompt + 993 response tokens (total: 25449655 / 166457)
[16:03:55] [after +993] [Context: 144455/262144 (55.1%)]
[16:03:55] [iter 10] [Context: 144455/262144 (55.1%)]
[16:03:55] INFO: AI request (iteration 10, msgs=198)
[16:03:58] INFO: AI response: 137349 prompt + 39 response tokens (total: 25587004 / 166496)
[16:03:58] [after +39] [Context: 144533/262144 (55.1%)]
[16:03:58] You: 
[16:04:27] [Context: 144543/262144 (55.1%)]
[16:04:27] [iter 1] [Context: 144543/262144 (55.1%)]
[16:04:27] INFO: AI request (iteration 1, msgs=201)
[16:04:30] INFO: AI response: 137458 prompt + 31 response tokens (total: 25724462 / 166527)
[16:04:30] [after +31] [Context: 144590/262144 (55.2%)]
[16:04:30] [iter 2] [Context: 144590/262144 (55.2%)]
[16:04:30] INFO: AI request (iteration 2, msgs=203)
[16:04:33] INFO: AI response: 137526 prompt + 54 response tokens (total: 25861988 / 166581)
[16:04:33] [after +54] [Context: 144661/262144 (55.2%)]
[16:04:33] [iter 3] [Context: 144661/262144 (55.2%)]
[16:04:33] INFO: AI request (iteration 3, msgs=205)
[16:04:36] INFO: AI response: 137622 prompt + 43 response tokens (total: 25999610 / 166624)
[16:04:36] [after +43] [Context: 145139/262144 (55.4%)]
[16:04:36] [iter 4] [Context: 145139/262144 (55.4%)]
[16:04:36] INFO: AI request (iteration 4, msgs=207)
[16:04:42] INFO: AI response: 138563 prompt + 132 response tokens (total: 26138173 / 166756)
[16:04:42] [after +132] [Context: 145248/262144 (55.4%)]
[16:04:42] [iter 5] [Context: 145248/262144 (55.4%)]
[16:04:42] INFO: AI request (iteration 5, msgs=209)
[16:04:46] INFO: AI response: 138706 prompt + 255 response tokens (total: 26276879 / 167011)
[16:04:46] [after +255] [Context: 145457/262144 (55.5%)]
[16:04:46] [iter 6] [Context: 145457/262144 (55.5%)]
[16:04:46] INFO: AI request (iteration 6, msgs=211)
[16:04:59] INFO: AI response: 138927 prompt + 947 response tokens (total: 26415806 / 167958)
[16:04:59] [after +947] [Context: 146355/262144 (55.8%)]
[16:04:59] [iter 7] [Context: 146355/262144 (55.8%)]
[16:04:59] INFO: AI request (iteration 7, msgs=213)
[16:05:03] INFO: AI response: 139886 prompt + 71 response tokens (total: 26555692 / 168029)
[16:05:03] [after +71] [Context: 146479/262144 (55.9%)]
[16:05:03] [iter 8] [Context: 146479/262144 (55.9%)]
[16:05:03] INFO: AI request (iteration 8, msgs=215)
[16:05:13] INFO: AI response: 140046 prompt + 142 response tokens (total: 26695738 / 168171)
[16:05:13] [after +142] [Context: 146562/262144 (55.9%)]
[16:05:13] [iter 9] [Context: 146562/262144 (55.9%)]
[16:05:13] INFO: AI request (iteration 9, msgs=217)
[16:05:17] INFO: AI response: 140175 prompt + 93 response tokens (total: 26835913 / 168264)
[16:05:17] [after +93] [Context: 146662/262144 (55.9%)]
[16:05:17] [iter 10] [Context: 146662/262144 (55.9%)]
[16:05:17] INFO: AI request (iteration 10, msgs=219)
[16:05:21] INFO: AI response: 140324 prompt + 42 response tokens (total: 26976237 / 168306)
[16:05:21] [after +42] [Context: 146773/262144 (56.0%)]
[16:05:21] You: 
[16:12:17] [Context: 146783/262144 (56.0%)]
[16:12:17] [iter 1] [Context: 146783/262144 (56.0%)]
[16:12:17] INFO: AI request (iteration 1, msgs=222)
[16:12:21] INFO: AI response: 140474 prompt + 109 response tokens (total: 27116711 / 168415)
[16:12:21] [after +109] [Context: 146894/262144 (56.0%)]
[16:12:21] [iter 2] [Context: 146894/262144 (56.0%)]
[16:12:21] INFO: AI request (iteration 2, msgs=224)
[16:12:36] INFO: AI response: 140617 prompt + 1525 response tokens (total: 27257328 / 169940)
[16:12:36] [after +1525] [Context: 148322/262144 (56.6%)]
[16:12:36] [iter 3] [Context: 148322/262144 (56.6%)]
[16:12:36] INFO: AI request (iteration 3, msgs=226)
[16:12:39] INFO: AI response: 142145 prompt + 48 response tokens (total: 27399473 / 169988)
[16:12:39] [after +48] [Context: 148403/262144 (56.6%)]
[16:12:39] [iter 4] [Context: 148464/262144 (56.6%)]
[16:12:39] INFO: AI request (iteration 4, msgs=229)
[16:12:41] INFO: AI response: 142307 prompt + 37 response tokens (total: 27541780 / 170025)
[16:12:41] [after +37] [Context: 148501/262144 (56.6%)]
[16:12:41] [iter 5] [Context: 148501/262144 (56.6%)]
[16:12:41] INFO: AI request (iteration 5, msgs=231)
[16:12:45] INFO: AI response: 142344 prompt + 151 response tokens (total: 27684124 / 170176)
[16:12:45] [after +151] [Context: 148692/262144 (56.7%)]
[16:12:45] [iter 6] [Context: 148692/262144 (56.7%)]
[16:12:45] INFO: AI request (iteration 6, msgs=233)
[16:12:50] INFO: AI response: 142576 prompt + 100 response tokens (total: 27826700 / 170276)
[16:12:50] [after +100] [Context: 148765/262144 (56.7%)]
[16:12:50] [iter 7] [Context: 148765/262144 (56.7%)]
[16:12:50] INFO: AI request (iteration 7, msgs=235)
[16:12:54] INFO: AI response: 142683 prompt + 42 response tokens (total: 27969383 / 170318)
[16:12:54] [after +42] [Context: 148822/262144 (56.8%)]
[16:12:54] [iter 8] [Context: 148822/262144 (56.8%)]
[16:12:54] INFO: AI request (iteration 8, msgs=237)
[16:12:58] INFO: AI response: 142760 prompt + 92 response tokens (total: 28112143 / 170410)
[16:12:58] [after +92] [Context: 148896/262144 (56.8%)]
[16:12:58] [iter 9] [Context: 148896/262144 (56.8%)]
[16:12:58] INFO: AI request (iteration 9, msgs=239)
[16:13:01] INFO: AI response: 142862 prompt + 89 response tokens (total: 28255005 / 170499)
[16:13:01] [after +89] [Context: 148972/262144 (56.8%)]
[16:13:01] [iter 10] [Context: 148972/262144 (56.8%)]
[16:13:01] INFO: AI request (iteration 10, msgs=241)
[16:13:09] INFO: Session started, sess_id=317, mode=build, model=kimi-k2.5:cloud
[16:13:09] You: 
[16:13:14] [Context: 148700/262144 (56.7%)]
[16:13:14] [iter 1] [Context: 148700/262144 (56.7%)]
[16:13:14] INFO: AI request (iteration 1, msgs=242)
[16:13:22] <WriteFile
[Aborted: 'WriteFile' cannot be used in PLAN mode]
[16:13:22] Stream aborted: 'WriteFile' cannot be used in PLAN mode
[16:13:22] INFO: AI response: 0 prompt + 0 response tokens (total: 12972774 / 107303)
[16:13:22] [after +0] [Context: 149110/262144 (56.9%)]
[16:13:22] Model tried to use 'WriteFile' in PLAN mode.
[16:13:22]   1. Switch to BUILD mode (allow the tool)
[16:13:22]   2. Stay in PLAN mode (block the tool, continue planning)
[16:13:22]   3. Cancel AI (return to user prompt)
[16:13:22]   4. Continue (dismiss, let the model proceed)
[16:13:22] Choice (1-4): 
[16:13:28] You: 
[16:14:47] [Context: 149217/262144 (56.9%)]
[16:14:47] [iter 1] [Context: 149217/262144 (56.9%)]
[16:14:47] INFO: AI request (iteration 1, msgs=245)
[16:14:51] INFO: AI response: 143415 prompt + 145 response tokens (total: 13116189 / 107448)
[16:14:51] [after +145] [Context: 149370/262144 (57.0%)]
[16:14:51] [iter 2] [Context: 149370/262144 (57.0%)]
[16:14:51] INFO: AI request (iteration 2, msgs=247)
[16:14:54] INFO: AI response: 143559 prompt + 37 response tokens (total: 13259748 / 107485)
[16:14:54] ✓ GetTip: Error: Missing required parameter(s): title
Usage:
<GetTip>
<title>string</title>
</GetTip>
[16:14:54] [after +37] [Context: 149417/262144 (57.0%)]
[16:14:54] [iter 3] [Context: 149417/262144 (57.0%)]
[16:14:54] INFO: AI request (iteration 3, msgs=249)
[16:14:58] INFO: AI response: 143606 prompt + 34 response tokens (total: 13403354 / 107519)
[16:14:58] [after +34] [Context: 154695/262144 (59.0%)]
[16:14:58] [iter 4] [Context: 154695/262144 (59.0%)]
[16:14:58] INFO: AI request (iteration 4, msgs=251)
[16:15:03] INFO: AI response: 149100 prompt + 96 response tokens (total: 13552454 / 107615)
[16:15:03] [after +96] [Context: 154854/262144 (59.1%)]
[16:15:03] [iter 5] [Context: 154854/262144 (59.1%)]
[16:15:03] INFO: AI request (iteration 5, msgs=253)
[16:15:12] INFO: AI response: 149249 prompt + 52 response tokens (total: 13701703 / 107667)
[16:15:12] [after +52] [Context: 154930/262144 (59.1%)]
[16:15:12] [iter 6] [Context: 154930/262144 (59.1%)]
[16:15:12] INFO: AI request (iteration 6, msgs=255)
[16:15:16] INFO: AI response: 149316 prompt + 52 response tokens (total: 13851019 / 107719)
[16:15:16] [after +52] [Context: 155013/262144 (59.1%)]
[16:15:16] [iter 7] [Context: 155013/262144 (59.1%)]
[16:15:16] INFO: AI request (iteration 7, msgs=257)
[16:15:19] INFO: AI response: 149393 prompt + 46 response tokens (total: 14000412 / 107765)
[16:15:19] [after +46] [Context: 155091/262144 (59.2%)]
[16:15:19] [iter 8] [Context: 155091/262144 (59.2%)]
[16:15:19] INFO: AI request (iteration 8, msgs=259)
[16:15:22] INFO: AI response: 149463 prompt + 61 response tokens (total: 14149875 / 107826)
[16:15:22] [after +61] [Context: 155174/262144 (59.2%)]
[16:15:22] [iter 9] [Context: 155174/262144 (59.2%)]
[16:15:22] INFO: AI request (iteration 9, msgs=261)
[16:15:27] INFO: AI response: 149541 prompt + 52 response tokens (total: 14299416 / 107878)
[16:15:27] [after +52] [Context: 155250/262144 (59.2%)]
[16:15:27] [iter 10] [Context: 155250/262144 (59.2%)]
[16:15:27] INFO: AI request (iteration 10, msgs=263)
[16:15:30] INFO: AI response: 149610 prompt + 49 response tokens (total: 14449026 / 107927)
[16:15:30] [after +49] [Context: 155339/262144 (59.3%)]
[16:15:30] Plan complete — switched to BUILD mode. Waiting for your instruction.
[16:15:30] You: 
[16:16:35] You: 
[16:19:15] [Context: 155339/262144 (59.3%)]
[16:19:15] [iter 1] [Context: 155339/262144 (59.3%)]
[16:19:15] INFO: AI request (iteration 1, msgs=266)
[16:19:21] INFO: AI response: 149684 prompt + 209 response tokens (total: 14598710 / 108136)
[16:19:21] [after +209] [Context: 155526/262144 (59.3%)]
[16:19:21] [iter 2] [Context: 155526/262144 (59.3%)]
[16:19:21] INFO: AI request (iteration 2, msgs=268)
[16:19:24] INFO: AI response: 149885 prompt + 39 response tokens (total: 14748595 / 108175)
[16:19:24] [after +39] [Context: 155694/262144 (59.4%)]
[16:19:24] [iter 3] [Context: 155694/262144 (59.4%)]
[16:19:24] INFO: AI request (iteration 3, msgs=270)
[16:19:27] INFO: AI response: 150067 prompt + 84 response tokens (total: 14898662 / 108259)
[16:19:27] [after +84] [Context: 155818/262144 (59.4%)]
[16:19:27] [iter 4] [Context: 155818/262144 (59.4%)]
[16:19:27] INFO: AI request (iteration 4, msgs=272)
[16:19:29] INFO: AI response: 150205 prompt + 35 response tokens (total: 15048867 / 108294)
[16:19:29] [after +35] [Context: 155912/262144 (59.5%)]
[16:19:29] [iter 5] [Context: 155912/262144 (59.5%)]
[16:19:29] INFO: AI request (iteration 5, msgs=275)
[16:19:44] INFO: AI response: 150284 prompt + 855 response tokens (total: 15199151 / 109149)
[16:19:44] [after +855] [Context: 156657/262144 (59.8%)]
[16:19:44] [iter 6] [Context: 156657/262144 (59.8%)]
[16:19:44] INFO: AI request (iteration 6, msgs=277)
[16:19:47] INFO: AI response: 151071 prompt + 49 response tokens (total: 15350222 / 109198)
[16:19:47] [after +49] [Context: 156711/262144 (59.8%)]
[16:19:47] [iter 7] [Context: 156711/262144 (59.8%)]
[16:19:47] INFO: AI request (iteration 7, msgs=279)
[16:19:49] INFO: AI response: 151148 prompt + 55 response tokens (total: 15501370 / 109253)
[16:19:49] [after +55] [Context: 156776/262144 (59.8%)]
[16:19:49] [iter 8] [Context: 156776/262144 (59.8%)]
[16:19:49] INFO: AI request (iteration 8, msgs=281)
[16:19:53] INFO: AI response: 151252 prompt + 95 response tokens (total: 15652622 / 109348)
[16:19:53] [after +95] [Context: 156931/262144 (59.9%)]
[16:19:53] [iter 9] [Context: 156931/262144 (59.9%)]
[16:19:53] INFO: AI request (iteration 9, msgs=283)
[16:19:56] INFO: AI response: 151412 prompt + 35 response tokens (total: 15804034 / 109383)
[16:19:56] [after +35] [Context: 157010/262144 (59.9%)]
[16:19:56] [iter 10] [Context: 157010/262144 (59.9%)]
[16:19:56] INFO: AI request (iteration 10, msgs=286)
[16:20:11] INFO: AI response: 151480 prompt + 1112 response tokens (total: 15955514 / 110495)
[16:20:11] [after +1112] [Context: 158012/262144 (60.3%)]
[16:20:11] Auto-continue: AI round 1/50 — task 10/12: Create a helper script that installs the git hooks automatic...
[16:20:11] [Context: 158046/262144 (60.3%)]
[16:20:11] [iter 1] [Context: 158046/262144 (60.3%)]
[16:20:11] INFO: AI request (iteration 1, msgs=289)
[16:20:16] INFO: AI response: 152546 prompt + 83 response tokens (total: 16108060 / 110578)
[16:20:16] [after +83] [Context: 158098/262144 (60.3%)]
[16:20:16] [iter 2] [Context: 158098/262144 (60.3%)]
[16:20:16] INFO: AI request (iteration 2, msgs=291)
[16:20:19] INFO: AI response: 152621 prompt + 54 response tokens (total: 16260681 / 110632)
[16:20:19] [after +54] [Context: 158161/262144 (60.3%)]
[16:20:19] [iter 3] [Context: 158161/262144 (60.3%)]
[16:20:19] INFO: AI request (iteration 3, msgs=293)
[16:20:23] INFO: AI response: 152720 prompt + 89 response tokens (total: 16413401 / 110721)
[16:20:23] [after +89] [Context: 158318/262144 (60.4%)]
[16:20:23] [iter 4] [Context: 158318/262144 (60.4%)]
[16:20:23] INFO: AI request (iteration 4, msgs=295)
[16:20:26] INFO: AI response: 152870 prompt + 24 response tokens (total: 16566271 / 110745)
[16:20:26] [after +24] [Context: 158400/262144 (60.4%)]
[16:20:26] [iter 5] [Context: 158400/262144 (60.4%)]
[16:20:26] INFO: AI request (iteration 5, msgs=298)
[16:20:28] INFO: AI response: 152944 prompt + 50 response tokens (total: 16719215 / 110795)
[16:20:28] [after +50] [Context: 163552/262144 (62.4%)]
[16:20:28] [iter 6] [Context: 163552/262144 (62.4%)]
[16:20:28] INFO: AI request (iteration 6, msgs=300)
[16:20:34] INFO: AI response: 157164 prompt + 241 response tokens (total: 16876379 / 111036)
[16:20:34] [after +241] [Context: 163987/262144 (62.6%)]
[16:20:34] [iter 7] [Context: 163987/262144 (62.6%)]
[16:20:34] INFO: AI request (iteration 7, msgs=302)
[16:20:38] INFO: AI response: 157596 prompt + 224 response tokens (total: 17033975 / 111260)
[16:20:38] [after +224] [Context: 164496/262144 (62.8%)]
[16:20:38] [iter 8] [Context: 164496/262144 (62.8%)]
[16:20:38] INFO: AI request (iteration 8, msgs=304)
[16:20:41] INFO: AI response: 158109 prompt + 49 response tokens (total: 17192084 / 111309)
[16:20:41] [after +49] [Context: 169759/262144 (64.8%)]
[16:20:41] [iter 9] [Context: 169759/262144 (64.8%)]
[16:20:41] INFO: AI request (iteration 9, msgs=306)
[16:20:45] INFO: AI response: 162435 prompt + 88 response tokens (total: 17354519 / 111397)
[16:20:45] [after +88] [Context: 169986/262144 (64.8%)]
[16:20:45] [iter 10] [Context: 169986/262144 (64.8%)]
[16:20:45] INFO: AI request (iteration 10, msgs=308)
[16:20:48] INFO: AI response: 162671 prompt + 36 response tokens (total: 17517190 / 111433)
[16:20:48] [after +36] [Context: 175230/262144 (66.8%)]
[16:20:48] Auto-continue: AI round 2/50 — task 11/12: Update src/gadgets.py to display the KosDWM version in the g...
[16:20:48] [Context: 175265/262144 (66.9%)]
[16:20:48] [iter 1] [Context: 175265/262144 (66.9%)]
[16:20:48] INFO: AI request (iteration 1, msgs=311)
[16:20:54] INFO: AI response: 167011 prompt + 116 response tokens (total: 17684201 / 111549)
[16:20:54] [after +116] [Context: 175464/262144 (66.9%)]
[16:20:54] [iter 2] [Context: 175464/262144 (66.9%)]
[16:20:54] INFO: AI request (iteration 2, msgs=313)
[16:20:58] INFO: AI response: 167224 prompt + 47 response tokens (total: 17851425 / 111596)
[16:20:58] [after +47] [Context: 175546/262144 (67.0%)]
[16:20:58] [iter 3] [Context: 175546/262144 (67.0%)]
[16:20:58] INFO: AI request (iteration 3, msgs=315)
[16:21:37] INFO: AI response: 167324 prompt + 3599 response tokens (total: 18018749 / 115195)
[16:21:37] [after +3599] [Context: 179809/262144 (68.6%)]
[16:21:37] [iter 4] [Context: 179809/262144 (68.6%)]
[16:21:37] INFO: AI request (iteration 4, msgs=317)
[16:21:42] INFO: AI response: 170930 prompt + 132 response tokens (total: 18189679 / 115327)
[16:21:42] [after +132] [Context: 180001/262144 (68.7%)]
[16:21:42] [iter 5] [Context: 180001/262144 (68.7%)]
[16:21:42] INFO: AI request (iteration 5, msgs=319)
[16:21:46] INFO: AI response: 171136 prompt + 42 response tokens (total: 18360815 / 115369)
[16:21:46] [after +42] [Context: 180079/262144 (68.7%)]
[16:21:46] [iter 6] [Context: 180079/262144 (68.7%)]
[16:21:46] INFO: AI request (iteration 6, msgs=322)
[16:21:52] INFO: AI response: 171199 prompt + 214 response tokens (total: 18532014 / 115583)
[16:21:52] [after +214] [Context: 180295/262144 (68.8%)]
[16:21:52] [iter 7] [Context: 180295/262144 (68.8%)]
[16:21:52] INFO: AI request (iteration 7, msgs=324)
[16:21:56] INFO: AI response: 171418 prompt + 88 response tokens (total: 18703432 / 115671)
[16:21:56] [after +88] [Context: 180440/262144 (68.8%)]
[16:21:56] [iter 8] [Context: 180440/262144 (68.8%)]
[16:21:56] INFO: AI request (iteration 8, msgs=326)
[16:21:58] INFO: AI response: 171562 prompt + 22 response tokens (total: 18874994 / 115693)
[16:21:58] [after +22] [Context: 180473/262144 (68.8%)]
[16:21:58] [iter 9] [Context: 180473/262144 (68.8%)]
[16:21:58] INFO: AI request (iteration 9, msgs=328)
[16:22:08] INFO: AI response: 171591 prompt + 575 response tokens (total: 19046585 / 116268)
[16:22:08] [after +575] [Context: 181033/262144 (69.1%)]
[16:22:08] You: 
[16:22:46] You: 
[16:24:22] INFO: Session started, sess_id=318, mode=build, model=kimi-k2.5:cloud
[16:24:22] You: 
[16:24:57] [Context: 181424/262144 (69.2%)]
[16:24:57] [iter 1] [Context: 181424/262144 (69.2%)]
[16:24:57] INFO: AI request (iteration 1, msgs=330)
[16:25:01] INFO: AI response: 171889 prompt + 104 response tokens (total: 19218474 / 116372)
[16:25:01] [after +104] [Context: 181495/262144 (69.2%)]
[16:25:01] [iter 2] [Context: 181495/262144 (69.2%)]
[16:25:01] INFO: AI request (iteration 2, msgs=332)
[16:25:07] INFO: AI response: 171992 prompt + 92 response tokens (total: 19390466 / 116464)
[16:25:07] [after +92] [Context: 181562/262144 (69.3%)]
[16:25:07] [iter 3] [Context: 181562/262144 (69.3%)]
[16:25:07] INFO: AI request (iteration 3, msgs=334)
[16:25:11] INFO: AI response: 172101 prompt + 39 response tokens (total: 19562567 / 116503)
[16:25:11] [after +39] [Context: 181631/262144 (69.3%)]
[16:25:11] [iter 4] [Context: 181631/262144 (69.3%)]
[16:25:11] INFO: AI request (iteration 4, msgs=336)
[16:25:21] INFO: AI response: 172204 prompt + 519 response tokens (total: 19734771 / 117022)
[16:25:21] [after +519] [Context: 182208/262144 (69.5%)]
[16:25:21] [iter 5] [Context: 182208/262144 (69.5%)]
[16:25:21] INFO: AI request (iteration 5, msgs=338)
[16:25:30] INFO: AI response: 172732 prompt + 115 response tokens (total: 19907503 / 117137)
[16:25:30] [after +115] [Context: 182260/262144 (69.5%)]
[16:25:30] [iter 6] [Context: 182260/262144 (69.5%)]
[16:25:30] INFO: AI request (iteration 6, msgs=340)
[16:25:35] INFO: AI response: 172807 prompt + 203 response tokens (total: 20080310 / 117340)
[16:25:35] [after +203] [Context: 182501/262144 (69.6%)]
[16:25:35] You: 
[16:41:11] [after +70] [Context: 192124/262144 (73.3%)]
[16:41:11] [iter 5] [Context: 192124/262144 (73.3%)]
[16:41:11] INFO: AI request (iteration 5, msgs=433)
[16:41:17] INFO: AI response: 183345 prompt + 133 response tokens (total: 27556345 / 122693)
[16:41:17] [after +133] [Context: 192300/262144 (73.4%)]
[16:41:17] [iter 6] [Context: 192300/262144 (73.4%)]
[16:41:17] INFO: AI request (iteration 6, msgs=435)
[16:41:20] INFO: AI response: 183521 prompt + 48 response tokens (total: 27739866 / 122741)
[16:41:20] [after +48] [Context: 192404/262144 (73.4%)]
[16:41:20] [iter 7] [Context: 192404/262144 (73.4%)]
[16:41:20] INFO: AI request (iteration 7, msgs=438)
[16:41:27] INFO: AI response: 183600 prompt + 287 response tokens (total: 27923466 / 123028)
[16:41:27] [after +287] [Context: 192752/262144 (73.5%)]
[16:41:27] [iter 8] [Context: 192752/262144 (73.5%)]
[16:41:27] INFO: AI request (iteration 8, msgs=440)
[16:41:30] INFO: AI response: 183982 prompt + 62 response tokens (total: 28107448 / 123090)
[16:41:30] [after +62] [Context: 192849/262144 (73.6%)]
[16:41:30] [iter 9] [Context: 192849/262144 (73.6%)]
[16:41:30] INFO: AI request (iteration 9, msgs=442)
[16:41:34] INFO: AI response: 184093 prompt + 41 response tokens (total: 28291541 / 123131)
[16:41:34] [after +41] [Context: 193554/262144 (73.8%)]
[16:41:34] [iter 10] [Context: 193554/262144 (73.8%)]
[16:41:34] INFO: AI request (iteration 10, msgs=444)
[16:41:45] INFO: AI response: 184749 prompt + 71 response tokens (total: 28476290 / 123202)
[16:41:45] [after +71] [Context: 193602/262144 (73.9%)]
[16:41:45] Auto-continue: AI round 3/50 — task 4/10: Check that the gadget system works correctly, gadgets can be...
[16:41:45] [Context: 193648/262144 (73.9%)]
[16:41:45] [iter 1] [Context: 193648/262144 (73.9%)]
[16:41:45] INFO: AI request (iteration 1, msgs=447)
[16:41:53] INFO: AI response: 184836 prompt + 344 response tokens (total: 28661126 / 123546)
[16:41:53] [after +344] [Context: 194049/262144 (74.0%)]
[16:41:53] [iter 2] [Context: 194049/262144 (74.0%)]
[16:41:53] INFO: AI request (iteration 2, msgs=449)
[16:41:56] INFO: AI response: 185288 prompt + 93 response tokens (total: 28846414 / 123639)
[16:41:56] [after +93] [Context: 194234/262144 (74.1%)]
[16:41:56] [iter 3] [Context: 194234/262144 (74.1%)]
[16:41:56] INFO: AI request (iteration 3, msgs=451)
[16:41:59] INFO: AI response: 185444 prompt + 25 response tokens (total: 29031858 / 123664)
[16:41:59] [after +25] [Context: 194326/262144 (74.1%)]
[16:41:59] [iter 4] [Context: 194326/262144 (74.1%)]
[16:41:59] INFO: AI request (iteration 4, msgs=454)
[16:42:04] INFO: AI response: 185519 prompt + 95 response tokens (total: 29217377 / 123759)
[16:42:04] [after +95] [Context: 194377/262144 (74.1%)]
[16:42:04] [iter 5] [Context: 194377/262144 (74.1%)]
[16:42:04] INFO: AI request (iteration 5, msgs=456)
[16:42:08] INFO: AI response: 185587 prompt + 62 response tokens (total: 29402964 / 123821)
[16:42:08] [after +62] [Context: 194443/262144 (74.2%)]
[16:42:08] [iter 6] [Context: 194443/262144 (74.2%)]
[16:42:08] INFO: AI request (iteration 6, msgs=458)
[16:42:11] INFO: AI response: 185682 prompt + 56 response tokens (total: 29588646 / 123877)
[16:42:11] [after +56] [Context: 194530/262144 (74.2%)]
[16:42:11] [iter 7] [Context: 194530/262144 (74.2%)]
[16:42:11] INFO: AI request (iteration 7, msgs=460)
[16:42:17] INFO: AI response: 185792 prompt + 187 response tokens (total: 29774438 / 124064)
[16:42:17] [after +187] [Context: 194721/262144 (74.3%)]
[16:42:17] [iter 8] [Context: 194721/262144 (74.3%)]
[16:42:17] INFO: AI request (iteration 8, msgs=462)
[16:42:19] INFO: AI response: 185994 prompt + 28 response tokens (total: 29960432 / 124092)
[16:42:19] [after +28] [Context: 194819/262144 (74.3%)]
[16:42:19] [iter 9] [Context: 194819/262144 (74.3%)]
[16:42:19] INFO: AI request (iteration 9, msgs=465)
[16:42:22] INFO: AI response: 186075 prompt + 36 response tokens (total: 30146507 / 124128)
[16:42:22] [after +36] [Context: 194911/262144 (74.4%)]
[16:42:22] [iter 10] [Context: 194911/262144 (74.4%)]
[16:42:22] INFO: AI request (iteration 10, msgs=467)
[16:42:26] INFO: AI response: 186191 prompt + 41 response tokens (total: 30332698 / 124169)
[16:42:26] ✓ ReadFile: Error: File `INSTALL.md` not found (checked workin/ and CWD)
[16:42:26] [after +41] [Context: 194955/262144 (74.4%)]
[16:42:26] Auto-continue: AI round 4/50 — task 6/10: Review README, INSTALL, CHANGELOG, and other documentation f...
[16:42:26] [Context: 194998/262144 (74.4%)]
[16:42:26] [iter 1] [Context: 194998/262144 (74.4%)]
[16:42:26] INFO: AI request (iteration 1, msgs=470)
[16:42:31] INFO: AI response: 186273 prompt + 35 response tokens (total: 30518971 / 124204)
[16:42:31] [after +35] [Context: 195398/262144 (74.5%)]
[16:42:31] [iter 2] [Context: 195398/262144 (74.5%)]
[16:42:31] INFO: AI request (iteration 2, msgs=472)
[16:42:35] INFO: AI response: 186774 prompt + 66 response tokens (total: 30705745 / 124270)
[16:42:35] [after +66] [Context: 195493/262144 (74.6%)]
[16:42:35] [iter 3] [Context: 195493/262144 (74.6%)]
[16:42:35] INFO: AI request (iteration 3, msgs=474)
[16:42:42] INFO: AI response: 186878 prompt + 277 response tokens (total: 30892623 / 124547)
[16:42:42] [after +277] [Context: 195747/262144 (74.7%)]
[16:42:42] [iter 4] [Context: 195747/262144 (74.7%)]
[16:42:42] INFO: AI request (iteration 4, msgs=476)
[16:42:47] INFO: AI response: 187143 prompt + 123 response tokens (total: 31079766 / 124670)
[16:42:47] [after +123] [Context: 195978/262144 (74.8%)]
[16:42:47] [iter 5] [Context: 195978/262144 (74.8%)]
[16:42:47] INFO: AI request (iteration 5, msgs=478)
[16:42:49] INFO: AI response: 187349 prompt + 27 response tokens (total: 31267115 / 124697)
[16:42:49] [after +27] [Context: 196075/262144 (74.8%)]
[16:42:49] [iter 6] [Context: 196075/262144 (74.8%)]
[16:42:49] INFO: AI request (iteration 6, msgs=481)
[16:42:55] INFO: AI response: 187426 prompt + 284 response tokens (total: 31454541 / 124981)
[16:42:55] [after +284] [Context: 196374/262144 (74.9%)]
[16:42:55] [iter 7] [Context: 196374/262144 (74.9%)]
[16:42:55] INFO: AI request (iteration 7, msgs=483)
[16:42:59] INFO: AI response: 187783 prompt + 162 response tokens (total: 31642324 / 125143)
[16:42:59] [after +162] [Context: 196591/262144 (75.0%)]
[16:42:59] [iter 8] [Context: 196591/262144 (75.0%)]
[16:42:59] INFO: AI request (iteration 8, msgs=485)
[16:43:03] INFO: AI response: 188018 prompt + 57 response tokens (total: 31830342 / 125200)
[16:43:03] [after +57] [Context: 196685/262144 (75.0%)]
[16:43:03] [iter 9] [Context: 196685/262144 (75.0%)]
[16:43:03] INFO: AI request (iteration 9, msgs=487)
[16:43:08] INFO: AI response: 188135 prompt + 121 response tokens (total: 32018477 / 125321)
[16:43:08] [after +121] [Context: 196904/262144 (75.1%)]
[16:43:08] [iter 10] [Context: 196904/262144 (75.1%)]
[16:43:08] INFO: AI request (iteration 10, msgs=489)
[16:43:11] INFO: AI response: 188343 prompt + 31 response tokens (total: 32206820 / 125352)
[16:43:11] [after +31] [Context: 197000/262144 (75.1%)]
[16:43:11] Auto-continue: AI round 5/50 — task 8/10: Check all Python files for unused imports, missing dependenc...
[16:43:11] [Context: 197042/262144 (75.2%)]
[16:43:11] [iter 1] [Context: 197042/262144 (75.2%)]
[16:43:11] INFO: AI request (iteration 1, msgs=493)
[16:43:19] INFO: AI response: 188445 prompt + 365 response tokens (total: 32395265 / 125717)
[16:43:19] [after +365] [Context: 197557/262144 (75.4%)]
[16:43:19] [iter 2] [Context: 197557/262144 (75.4%)]
[16:43:19] INFO: AI request (iteration 2, msgs=495)
[16:43:23] INFO: AI response: 188949 prompt + 56 response tokens (total: 32584214 / 125773)
[16:43:23] [after +56] [Context: 197634/262144 (75.4%)]
[16:43:23] [iter 3] [Context: 197634/262144 (75.4%)]
[16:43:23] INFO: AI request (iteration 3, msgs=497)
[16:43:27] INFO: AI response: 189042 prompt + 39 response tokens (total: 32773256 / 125812)
[16:43:27] [after +39] [Context: 197857/262144 (75.5%)]
[16:43:27] [iter 4] [Context: 197857/262144 (75.5%)]
[16:43:27] INFO: AI request (iteration 4, msgs=499)
[16:43:30] INFO: AI response: 189259 prompt + 54 response tokens (total: 32962515 / 125866)
[16:43:30] [after +54] [Context: 197901/262144 (75.5%)]
[16:43:30] [iter 5] [Context: 197901/262144 (75.5%)]
[16:43:30] INFO: AI request (iteration 5, msgs=501)
[16:43:34] INFO: AI response: 189309 prompt + 112 response tokens (total: 33151824 / 125978)
[16:43:34] [after +112] [Context: 198085/262144 (75.6%)]
[16:43:34] [iter 6] [Context: 198085/262144 (75.6%)]
[16:43:34] INFO: AI request (iteration 6, msgs=503)
[16:43:38] INFO: AI response: 189485 prompt + 61 response tokens (total: 33341309 / 126039)
[16:43:38] [after +61] [Context: 198199/262144 (75.6%)]
[16:43:38] [iter 7] [Context: 198199/262144 (75.6%)]
[16:43:38] INFO: AI request (iteration 7, msgs=506)
[16:43:41] INFO: AI response: 189568 prompt + 72 response tokens (total: 33530877 / 126111)
[16:43:41] [after +72] [Context: 198259/262144 (75.6%)]
[16:43:41] [iter 8] [Context: 198259/262144 (75.6%)]
[16:43:41] INFO: AI request (iteration 8, msgs=508)
[16:43:50] INFO: AI response: 189640 prompt + 325 response tokens (total: 33720517 / 126436)
[16:43:50] [after +325] [Context: 198830/262144 (75.8%)]
[16:43:50] [iter 9] [Context: 198830/262144 (75.8%)]
[16:43:50] INFO: AI request (iteration 9, msgs=510)
[16:43:58] INFO: AI response: 190270 prompt + 296 response tokens (total: 33910787 / 126732)
[16:43:58] [after +296] [Context: 199099/262144 (76.0%)]
[16:43:58] [iter 10] [Context: 199099/262144 (76.0%)]
[16:43:58] INFO: AI request (iteration 10, msgs=512)
[16:44:01] INFO: AI response: 190507 prompt + 74 response tokens (total: 34101294 / 126806)
[16:44:01] [after +74] [Context: 199206/262144 (76.0%)]
[16:44:01] Auto-continue: AI round 6/50 — task 10/10: Check that exceptions are properly caught and logged, error ...
[16:44:01] [Context: 199254/262144 (76.0%)]
[16:44:01] [iter 1] [Context: 199254/262144 (76.0%)]
[16:44:01] INFO: AI request (iteration 1, msgs=516)
[16:44:05] INFO: AI response: 190621 prompt + 61 response tokens (total: 34291915 / 126867)
[16:44:05] [after +61] [Context: 199308/262144 (76.0%)]
[16:44:05] [iter 2] [Context: 199308/262144 (76.0%)]
[16:44:05] INFO: AI request (iteration 2, msgs=518)
[16:44:14] INFO: AI response: 190684 prompt + 383 response tokens (total: 34482599 / 127250)
[16:44:14] [after +383] [Context: 199800/262144 (76.2%)]
[16:44:14] [iter 3] [Context: 199800/262144 (76.2%)]
[16:44:14] INFO: AI request (iteration 3, msgs=520)
[16:44:20] INFO: AI response: 191252 prompt + 193 response tokens (total: 34673851 / 127443)
[16:44:20] [after +193] [Context: 200023/262144 (76.3%)]
[16:44:20] [iter 4] [Context: 200023/262144 (76.3%)]
[16:44:20] INFO: AI request (iteration 4, msgs=522)
[16:44:24] INFO: AI response: 191447 prompt + 29 response tokens (total: 34865298 / 127472)
[16:44:24] [after +29] [Context: 200056/262144 (76.3%)]
[16:44:24] [iter 5] [Context: 200056/262144 (76.3%)]
[16:44:24] INFO: AI request (iteration 5, msgs=524)
[16:44:31] INFO: AI response: 191476 prompt + 267 response tokens (total: 35056774 / 127739)
[16:44:31] [after +267] [Context: 200361/262144 (76.4%)]
[16:44:31] You: 
[16:54:54] INFO: Session started, sess_id=319, mode=build, model=kimi-k2.5:cloud
[16:54:54] You: 
[16:54:57] [Context: 191614/262144 (73.1%)]
[16:54:57] [iter 1] [Context: 191614/262144 (73.1%)]
[16:54:57] INFO: AI request (iteration 1, msgs=435)
[16:55:08] <Write
[Aborted: 'WriteFile' cannot be used in PLAN mode]
[16:55:08] Stream aborted: 'WriteFile' cannot be used in PLAN mode
[16:55:08] INFO: AI response: 0 prompt + 0 response tokens (total: 27764084 / 122519)
[16:55:08] [after +0] [Context: 192038/262144 (73.3%)]
[16:55:08] Model tried to use 'WriteFile' in PLAN mode.
[16:55:08]   1. Switch to BUILD mode (allow the tool)
[16:55:08]   2. Stay in PLAN mode (block the tool, continue planning)
[16:55:08]   3. Cancel AI (return to user prompt)
[16:55:08]   4. Continue (dismiss, let the model proceed)
[16:55:08] Choice (1-4): 
[16:55:10] You: 
[16:57:34] [Context: 192203/262144 (73.3%)]
[16:57:34] [iter 1] [Context: 192203/262144 (73.3%)]
[16:57:34] INFO: AI request (iteration 1, msgs=438)
[16:57:38] INFO: AI response: 183372 prompt + 125 response tokens (total: 27947456 / 122644)
[16:57:38] [after +125] [Context: 192371/262144 (73.4%)]
[16:57:38] [iter 2] [Context: 192371/262144 (73.4%)]
[16:57:38] INFO: AI request (iteration 2, msgs=440)
[16:57:46] INFO: AI response: 183562 prompt + 174 response tokens (total: 28131018 / 122818)
[16:57:46] [after +174] [Context: 192465/262144 (73.4%)]
[16:57:46] [iter 3] [Context: 192465/262144 (73.4%)]
[16:57:46] INFO: AI request (iteration 3, msgs=442)
[16:57:52] INFO: AI response: 183679 prompt + 245 response tokens (total: 28314697 / 123063)
[16:57:52] [after +245] [Context: 192672/262144 (73.5%)]
[16:57:52] [iter 4] [Context: 192672/262144 (73.5%)]
[16:57:52] INFO: AI request (iteration 4, msgs=444)
[16:57:55] INFO: AI response: 183863 prompt + 34 response tokens (total: 28498560 / 123097)
[16:57:55] [after +34] [Context: 193758/262144 (73.9%)]
[16:57:55] [iter 5] [Context: 193758/262144 (73.9%)]
[16:57:55] INFO: AI request (iteration 5, msgs=446)
[16:58:01]  check the actual KosDWM source location and fix the paths: <Execute
[Aborted: 'ExecuteScript' cannot be used in PLAN mode]
[16:58:01] Stream aborted: 'ExecuteScript' cannot be used in PLAN mode
[16:58:01] INFO: AI response: 0 prompt + 0 response tokens (total: 28498560 / 123097)
[16:58:01] [after +0] [Context: 194042/262144 (74.0%)]
[16:58:01] Model tried to use 'ExecuteScript' in PLAN mode.
[16:58:01]   1. Switch to BUILD mode (allow the tool)
[16:58:01]   2. Stay in PLAN mode (block the tool, continue planning)
[16:58:01]   3. Cancel AI (return to user prompt)
[16:58:01]   4. Continue (dismiss, let the model proceed)
[16:58:01] Choice (1-4): 
[16:58:32] You: 
[16:58:35] You: 
[16:59:22] [Context: 194116/262144 (74.0%)]
[16:59:22] [iter 1] [Context: 194116/262144 (74.0%)]
[16:59:22] INFO: AI request (iteration 1, msgs=449)
[16:59:24] INFO: AI response: 185047 prompt + 37 response tokens (total: 28683607 / 123134)
[16:59:24] [after +37] [Context: 199394/262144 (76.1%)]
[16:59:24] [iter 2] [Context: 199394/262144 (76.1%)]
[16:59:24] INFO: AI request (iteration 2, msgs=451)
[16:59:29] INFO: AI response: 190541 prompt + 82 response tokens (total: 28874148 / 123216)
[16:59:29] [after +82] [Context: 199495/262144 (76.1%)]
[16:59:29] [iter 3] [Context: 199495/262144 (76.1%)]
[16:59:29] INFO: AI request (iteration 3, msgs=453)
[16:59:33] INFO: AI response: 190631 prompt + 68 response tokens (total: 29064779 / 123284)
[16:59:33] [after +68] [Context: 199593/262144 (76.1%)]
[16:59:33] [iter 4] [Context: 199593/262144 (76.1%)]
[16:59:33] INFO: AI request (iteration 4, msgs=455)
[16:59:37] INFO: AI response: 190719 prompt + 65 response tokens (total: 29255498 / 123349)
[16:59:37] [after +65] [Context: 199686/262144 (76.2%)]
[16:59:37] [iter 5] [Context: 199686/262144 (76.2%)]
[16:59:37] INFO: AI request (iteration 5, msgs=457)
[16:59:42] INFO: AI response: 190808 prompt + 73 response tokens (total: 29446306 / 123422)
[16:59:42] [after +73] [Context: 199777/262144 (76.2%)]
[16:59:42] [iter 6] [Context: 199777/262144 (76.2%)]
[16:59:42] INFO: AI request (iteration 6, msgs=459)
[16:59:46] INFO: AI response: 190892 prompt + 62 response tokens (total: 29637198 / 123484)
[16:59:46] [after +62] [Context: 199862/262144 (76.2%)]
[16:59:46] [iter 7] [Context: 199862/262144 (76.2%)]
[16:59:46] INFO: AI request (iteration 7, msgs=461)
[16:59:50] INFO: AI response: 190964 prompt + 17 response tokens (total: 29828162 / 123501)
[16:59:50] [after +17] [Context: 199965/262144 (76.3%)]
[16:59:50] Plan complete — switched to BUILD mode. Waiting for your instruction.
[16:59:50] You: 
[16:59:55] You: 
[16:59:58] [Context: 199965/262144 (76.3%)]
[16:59:58] [iter 1] [Context: 199965/262144 (76.3%)]
[16:59:58] INFO: AI request (iteration 1, msgs=464)
[17:00:04] INFO: AI response: 191055 prompt + 47 response tokens (total: 30019217 / 123548)
[17:00:04] [after +47] [Context: 200010/262144 (76.3%)]
[17:00:04] [iter 2] [Context: 200010/262144 (76.3%)]
[17:00:04] INFO: AI request (iteration 2, msgs=466)
[17:00:08] INFO: AI response: 191108 prompt + 32 response tokens (total: 30210325 / 123580)
[17:00:08] [after +32] [Context: 200945/262144 (76.7%)]
[17:00:08] [iter 3] [Context: 200945/262144 (76.7%)]
[17:00:08] INFO: AI request (iteration 3, msgs=468)
[17:00:15] INFO: AI response: 192302 prompt + 42 response tokens (total: 30402627 / 123622)
[17:00:15] [after +42] [Context: 201010/262144 (76.7%)]
[17:00:15] [iter 4] [Context: 201010/262144 (76.7%)]
[17:00:15] INFO: AI request (iteration 4, msgs=470)
[17:00:21] INFO: AI response: 192375 prompt + 55 response tokens (total: 30595002 / 123677)
[17:00:21] [after +55] [Context: 201411/262144 (76.8%)]
[17:00:21] [iter 5] [Context: 201411/262144 (76.8%)]
[17:00:21] INFO: AI request (iteration 5, msgs=472)
[17:00:28] INFO: AI response: 192806 prompt + 78 response tokens (total: 30787808 / 123755)
[17:00:28] [after +78] [Context: 201473/262144 (76.9%)]
[17:00:28] [iter 6] [Context: 201473/262144 (76.9%)]
[17:00:28] INFO: AI request (iteration 6, msgs=474)
[17:00:36] INFO: AI response: 192868 prompt + 117 response tokens (total: 30980676 / 123872)
[17:00:36] [after +117] [Context: 202002/262144 (77.1%)]
[17:00:36] [iter 7] [Context: 202002/262144 (77.1%)]
[17:00:36] INFO: AI request (iteration 7, msgs=476)
[17:00:48] INFO: AI response: 193468 prompt + 171 response tokens (total: 31174144 / 124043)
[17:00:48] [after +171] [Context: 210247/262144 (80.2%)]
[17:01:24] [iter 8] [Context: 2432/262144 (0.9%)]
[17:01:24] INFO: AI request (iteration 8, msgs=27)
[17:01:30] INFO: AI response: 1546 prompt + 327 response tokens (total: 31175690 / 124370)
[17:01:30] ✓ ReadFile: Error: File `src/gadgets/gadget_manager.py` not found (checked workin/ and CWD)
[17:01:30] [after +327] [Context: 2527/262144 (1.0%)]
[17:01:30] [iter 9] [Context: 2527/262144 (1.0%)]
[17:01:30] INFO: AI request (iteration 9, msgs=29)
[17:01:32] INFO: AI response: 1645 prompt + 32 response tokens (total: 31177335 / 124402)
[17:01:32] [after +32] [Context: 2571/262144 (1.0%)]
[17:01:32] [iter 10] [Context: 2571/262144 (1.0%)]
[17:01:32] INFO: AI request (iteration 10, msgs=31)
[17:01:35] INFO: AI response: 1690 prompt + 55 response tokens (total: 31179025 / 124457)
[17:01:35] ✓ TreeView: Error: path 'src/gadgets' is not a directory.
[17:01:35] [after +55] [Context: 2614/262144 (1.0%)]
[17:01:35] Auto-continue: AI round 1/50 — task 1/4: Check the panel code and gadget discovery to understand why ...
[17:01:35] [Context: 2718/262144 (1.0%)]
[17:01:35] [iter 1] [Context: 2718/262144 (1.0%)]
[17:01:35] INFO: AI request (iteration 1, msgs=35)
[17:01:46] INFO: AI response: 1833 prompt + 353 response tokens (total: 31180858 / 124810)
[17:01:46] [after +353] [Context: 3055/262144 (1.2%)]
[17:01:46] [iter 2] [Context: 3055/262144 (1.2%)]
[17:01:46] INFO: AI request (iteration 2, msgs=38)
[17:01:48] INFO: AI response: 2136 prompt + 49 response tokens (total: 31182994 / 124859)
[17:01:48] [after +49] [Context: 11113/262144 (4.2%)]
[17:01:48] [iter 3] [Context: 11113/262144 (4.2%)]
[17:01:48] INFO: AI request (iteration 3, msgs=40)
[17:01:54] INFO: AI response: 9277 prompt + 222 response tokens (total: 31192271 / 125081)
[17:01:54] ✓ ReadFile: Error: File `~/.config/KosDWM/config.py` not found (checked workin/ and CWD)
[17:01:54] [after +222] [Context: 11252/262144 (4.3%)]
[17:01:54] [iter 4] [Context: 11252/262144 (4.3%)]
[17:01:54] INFO: AI request (iteration 4, msgs=42)
[17:01:56] INFO: AI response: 9430 prompt + 49 response tokens (total: 31201701 / 125130)
[17:01:56] [after +49] [Context: 11401/262144 (4.3%)]
[17:01:56] [iter 5] [Context: 11401/262144 (4.3%)]
[17:01:56] INFO: AI request (iteration 5, msgs=44)
[17:01:59] INFO: AI response: 9605 prompt + 89 response tokens (total: 31211306 / 125219)
[17:01:59] [after +89] [Context: 11512/262144 (4.4%)]
[17:01:59] [iter 6] [Context: 11512/262144 (4.4%)]
[17:01:59] INFO: AI request (iteration 6, msgs=46)
[17:02:01] INFO: AI response: 9736 prompt + 57 response tokens (total: 31221042 / 125276)
[17:02:01] [after +57] [Context: 11600/262144 (4.4%)]
[17:02:01] [iter 7] [Context: 11600/262144 (4.4%)]
[17:02:01] INFO: AI request (iteration 7, msgs=48)
[17:02:05] INFO: AI response: 9832 prompt + 64 response tokens (total: 31230874 / 125340)
[17:02:05] [after +64] [Context: 11663/262144 (4.4%)]
[17:02:05] [iter 8] [Context: 11663/262144 (4.4%)]
[17:02:05] INFO: AI request (iteration 8, msgs=50)
[17:05:39] INFO: AI response: 9908 prompt + 7717 response tokens (total: 31240782 / 133057)
[17:05:39] ✓ WriteFile: Error: Missing required parameter(s): contentOfFile
Usage:
<WriteFile>
<fileName>string</fileName>
<contentOfFile>string</contentOfFile>
</WriteFile>
[17:05:39] [after +7717] [Context: 20233/262144 (7.7%)]
[17:05:39] [iter 9] [Context: 20233/262144 (7.7%)]
[17:05:39] INFO: AI request (iteration 9, msgs=52)
[17:08:17] INFO: AI response: 17587 prompt + 7620 response tokens (total: 31258369 / 140677)
[17:08:17] [after +7620] [Context: 28747/262144 (11.0%)]
[17:08:17] [iter 10] [Context: 28747/262144 (11.0%)]
[17:08:17] INFO: AI request (iteration 10, msgs=54)
[17:08:23] INFO: AI response: 25219 prompt + 206 response tokens (total: 31283588 / 140883)
[17:08:23] [after +206] [Context: 29010/262144 (11.1%)]
[17:08:23] Auto-continue: AI round 2/50 — task 3/4: Ensure install_kosdwm.py is in the correct location and crea...
[17:08:23] [Context: 29054/262144 (11.1%)]
[17:08:23] [iter 1] [Context: 29054/262144 (11.1%)]
[17:08:23] INFO: AI request (iteration 1, msgs=58)
[17:08:26] INFO: AI response: 25506 prompt + 94 response tokens (total: 31309094 / 140977)
[17:08:26] [after +94] [Context: 29173/262144 (11.1%)]
[17:08:26] [iter 2] [Context: 29173/262144 (11.1%)]
[17:08:26] INFO: AI request (iteration 2, msgs=60)
[17:08:29] INFO: AI response: 25641 prompt + 76 response tokens (total: 31334735 / 141053)
[17:08:29] [after +76] [Context: 30008/262144 (11.4%)]
[17:08:29] [iter 3] [Context: 30008/262144 (11.4%)]
[17:08:29] INFO: AI request (iteration 3, msgs=62)
[17:08:31] INFO: AI response: 26547 prompt + 81 response tokens (total: 31361282 / 141134)
[17:08:31] [after +81] [Context: 30096/262144 (11.5%)]
[17:08:31] [iter 4] [Context: 30096/262144 (11.5%)]
[17:08:31] INFO: AI request (iteration 4, msgs=64)
[17:08:33] INFO: AI response: 26642 prompt + 138 response tokens (total: 31387924 / 141272)
[17:08:33] [after +138] [Context: 30703/262144 (11.7%)]
[17:08:33] [iter 5] [Context: 30703/262144 (11.7%)]
[17:08:33] INFO: AI request (iteration 5, msgs=66)
[17:08:42] INFO: AI response: 27325 prompt + 354 response tokens (total: 31415249 / 141626)
[17:08:42] [after +354] [Context: 31010/262144 (11.8%)]
[17:08:42] [iter 6] [Context: 31010/262144 (11.8%)]
[17:08:42] INFO: AI request (iteration 6, msgs=68)
[17:08:50] INFO: AI response: 27688 prompt + 371 response tokens (total: 31442937 / 141997)
[17:08:50] [after +371] [Context: 31257/262144 (11.9%)]
[17:08:50] [iter 7] [Context: 31257/262144 (11.9%)]
[17:08:50] INFO: AI request (iteration 7, msgs=70)
[17:08:57] INFO: AI response: 27992 prompt + 309 response tokens (total: 31470929 / 142306)
[17:08:57] [after +309] [Context: 31415/262144 (12.0%)]
[17:08:57] [iter 8] [Context: 31415/262144 (12.0%)]
[17:08:57] INFO: AI request (iteration 8, msgs=72)
[17:09:00] INFO: AI response: 28183 prompt + 49 response tokens (total: 31499112 / 142355)
[17:09:00] [after +49] [Context: 31499/262144 (12.0%)]
[17:09:00] [iter 9] [Context: 31499/262144 (12.0%)]
[17:09:00] INFO: AI request (iteration 9, msgs=74)
[17:09:02] INFO: AI response: 28290 prompt + 81 response tokens (total: 31527402 / 142436)
[17:09:02] [after +81] [Context: 31581/262144 (12.0%)]
[17:09:02] [iter 10] [Context: 31581/262144 (12.0%)]
[17:09:02] INFO: AI request (iteration 10, msgs=76)
[17:09:07] INFO: AI response: 28404 prompt + 126 response tokens (total: 31555806 / 142562)
[17:09:07] [after +126] [Context: 31653/262144 (12.1%)]
[17:09:07] Auto-continue: AI round 3/50 — task 3/4: Ensure install_kosdwm.py is in the correct location and crea...
[17:09:07] [Context: 31697/262144 (12.1%)]
[17:09:07] [iter 1] [Context: 31697/262144 (12.1%)]
[17:09:07] INFO: AI request (iteration 1, msgs=79)
[17:09:09] INFO: AI response: 28533 prompt + 57 response tokens (total: 31584339 / 142619)
[17:09:09] [after +57] [Context: 31771/262144 (12.1%)]
[17:09:09] [iter 2] [Context: 31771/262144 (12.1%)]
[17:09:09] INFO: AI request (iteration 2, msgs=81)
[17:09:13] INFO: AI response: 28633 prompt + 208 response tokens (total: 31612972 / 142827)
[17:09:14] [after +208] [Context: 31994/262144 (12.2%)]
[17:09:14] [iter 3] [Context: 31994/262144 (12.2%)]
[17:09:14] INFO: AI request (iteration 3, msgs=83)
[17:09:17] INFO: AI response: 28899 prompt + 202 response tokens (total: 31641871 / 143029)
[17:09:17] [after +202] [Context: 32234/262144 (12.3%)]
[17:09:17] [iter 4] [Context: 32234/262144 (12.3%)]
[17:09:17] INFO: AI request (iteration 4, msgs=85)
[17:09:21] INFO: AI response: 29211 prompt + 131 response tokens (total: 31671082 / 143160)
[17:09:21] [after +131] [Context: 32331/262144 (12.3%)]
[17:09:21] [iter 5] [Context: 32331/262144 (12.3%)]
[17:09:21] INFO: AI request (iteration 5, msgs=87)
[17:09:27] INFO: AI response: 29320 prompt + 194 response tokens (total: 31700402 / 143354)
[17:09:27] [after +194] [Context: 32716/262144 (12.5%)]
[17:09:27] [iter 6] [Context: 32716/262144 (12.5%)]
[17:09:27] INFO: AI request (iteration 6, msgs=89)
[17:09:31] INFO: AI response: 29745 prompt + 134 response tokens (total: 31730147 / 143488)
[17:09:31] [after +134] [Context: 32881/262144 (12.5%)]
[17:09:31] [iter 7] [Context: 32881/262144 (12.5%)]
[17:09:31] INFO: AI request (iteration 7, msgs=91)
[17:09:33] INFO: AI response: 29933 prompt + 121 response tokens (total: 31760080 / 143609)
[17:09:33] [after +121] [Context: 32975/262144 (12.6%)]
[17:09:33] [iter 8] [Context: 32975/262144 (12.6%)]
[17:09:33] INFO: AI request (iteration 8, msgs=93)
[17:09:35] INFO: AI response: 30041 prompt + 58 response tokens (total: 31790121 / 143667)
[17:09:35] [after +58] [Context: 33420/262144 (12.7%)]
[17:09:35] [iter 9] [Context: 33420/262144 (12.7%)]
[17:09:35] INFO: AI request (iteration 9, msgs=95)
[17:09:38] INFO: AI response: 30530 prompt + 110 response tokens (total: 31820651 / 143777)
[17:09:38] [after +110] [Context: 33503/262144 (12.8%)]
[17:09:38] [iter 10] [Context: 33503/262144 (12.8%)]
[17:09:38] INFO: AI request (iteration 10, msgs=97)
[17:09:40] INFO: AI response: 30640 prompt + 37 response tokens (total: 31851291 / 143814)
[17:09:40] [after +37] [Context: 33577/262144 (12.8%)]
[17:09:40] Auto-continue: AI round 4/50 — task 3/4: Ensure install_kosdwm.py is in the correct location and crea...
[17:09:40] [Context: 33682/262144 (12.8%)]
[17:09:40] [iter 1] [Context: 33682/262144 (12.8%)]
[17:09:40] INFO: AI request (iteration 1, msgs=101)
[17:09:42] INFO: AI response: 30833 prompt + 115 response tokens (total: 31882124 / 143929)
[17:09:42] [after +115] [Context: 34090/262144 (13.0%)]
[17:09:42] [iter 2] [Context: 34090/262144 (13.0%)]
[17:09:42] INFO: AI request (iteration 2, msgs=103)
[17:09:45] INFO: AI response: 31344 prompt + 131 response tokens (total: 31913468 / 144060)
[17:09:45] [after +131] [Context: 34174/262144 (13.0%)]
[17:09:45] [iter 3] [Context: 34174/262144 (13.0%)]
[17:09:45] INFO: AI request (iteration 3, msgs=105)
[17:09:47] INFO: AI response: 31456 prompt + 46 response tokens (total: 31944924 / 144106)
[17:09:47] [after +46] [Context: 34248/262144 (13.1%)]
[17:09:47] [iter 4] [Context: 34248/262144 (13.1%)]
[17:09:47] INFO: AI request (iteration 4, msgs=107)
[17:09:48] INFO: AI response: 31556 prompt + 63 response tokens (total: 31976480 / 144169)
[17:09:48] [after +63] [Context: 34414/262144 (13.1%)]
[17:09:48] [iter 5] [Context: 34414/262144 (13.1%)]
[17:09:48] INFO: AI request (iteration 5, msgs=109)
[17:09:50] INFO: AI response: 31753 prompt + 94 response tokens (total: 32008233 / 144263)
[17:09:50] [after +94] [Context: 34502/262144 (13.2%)]
[17:09:50] [iter 6] [Context: 34502/262144 (13.2%)]
[17:09:50] INFO: AI request (iteration 6, msgs=111)
[17:09:52] INFO: AI response: 31868 prompt + 38 response tokens (total: 32040101 / 144301)
[17:09:52] [after +38] [Context: 34888/262144 (13.3%)]
[17:09:52] [iter 7] [Context: 34888/262144 (13.3%)]
[17:09:52] INFO: AI request (iteration 7, msgs=113)
[17:09:54] INFO: AI response: 32337 prompt + 49 response tokens (total: 32072438 / 144350)
[17:09:54] [after +49] [Context: 34953/262144 (13.3%)]
[17:09:54] [iter 8] [Context: 34953/262144 (13.3%)]
[17:09:54] INFO: AI request (iteration 8, msgs=115)
[17:09:56] INFO: AI response: 32420 prompt + 48 response tokens (total: 32104858 / 144398)
[17:09:56] [after +48] [Context: 35023/262144 (13.4%)]
[17:09:56] [iter 9] [Context: 35023/262144 (13.4%)]
[17:09:56] INFO: AI request (iteration 9, msgs=117)
[17:10:01] INFO: AI response: 32507 prompt + 60 response tokens (total: 32137365 / 144458)
[17:10:01] [after +60] [Context: 35529/262144 (13.6%)]
[17:10:01] [iter 10] [Context: 35529/262144 (13.6%)]
[17:10:01] INFO: AI request (iteration 10, msgs=119)
[17:10:03] INFO: AI response: 33159 prompt + 85 response tokens (total: 32170524 / 144543)
[17:10:03] [after +85] [Context: 35838/262144 (13.7%)]
[17:10:03] Auto-continue: AI round 5/50 — task 3/4: Ensure install_kosdwm.py is in the correct location and crea...
[17:10:03] [Context: 35882/262144 (13.7%)]
[17:10:03] [iter 1] [Context: 35882/262144 (13.7%)]
[17:10:03] INFO: AI request (iteration 1, msgs=122)
[17:10:06] INFO: AI response: 33550 prompt + 98 response tokens (total: 32204074 / 144641)
[17:10:06] [after +98] [Context: 36121/262144 (13.8%)]
[17:10:06] [iter 2] [Context: 36121/262144 (13.8%)]
[17:10:06] INFO: AI request (iteration 2, msgs=124)
[17:10:09] INFO: AI response: 33824 prompt + 129 response tokens (total: 32237898 / 144770)
[17:10:09] [after +129] [Context: 36237/262144 (13.8%)]
[17:10:09] [iter 3] [Context: 36237/262144 (13.8%)]
[17:10:09] INFO: AI request (iteration 3, msgs=126)
[17:10:12] INFO: AI response: 33963 prompt + 107 response tokens (total: 32271861 / 144877)
[17:10:12] [after +107] [Context: 36463/262144 (13.9%)]
[17:10:12] [iter 4] [Context: 36463/262144 (13.9%)]
[17:10:12] INFO: AI request (iteration 4, msgs=128)
[17:10:14] INFO: AI response: 34252 prompt + 88 response tokens (total: 32306113 / 144965)
[17:10:14] Error: WriteFile param 'fileName' = '/home/t3ch/.config/KosDWM/kosdwm_path.conf' is not in an approved path. Ask the user to approve this path via the !PROJECT command.
[17:10:14] [after +88] [Context: 36586/262144 (14.0%)]
[17:10:14] [iter 5] [Context: 36586/262144 (14.0%)]
[17:10:14] INFO: AI request (iteration 5, msgs=131)
[17:10:17] INFO: AI response: 34398 prompt + 101 response tokens (total: 32340511 / 145066)
[17:10:17] [after +101] [Context: 36705/262144 (14.0%)]
[17:10:17] [iter 6] [Context: 36705/262144 (14.0%)]
[17:10:17] INFO: AI request (iteration 6, msgs=133)
[17:10:21] INFO: AI response: 34542 prompt + 317 response tokens (total: 32375053 / 145383)
[17:10:21] [after +317] [Context: 37046/262144 (14.1%)]
[17:10:21] [iter 7] [Context: 37046/262144 (14.1%)]
[17:10:21] INFO: AI request (iteration 7, msgs=136)
[17:10:43] INFO: AI response: 34902 prompt + 2674 response tokens (total: 32409955 / 148057)
[17:10:43] [after +2674] [Context: 39889/262144 (15.2%)]
[17:10:43] [iter 8] [Context: 39889/262144 (15.2%)]
[17:10:43] INFO: AI request (iteration 8, msgs=138)
[17:10:46] INFO: AI response: 37567 prompt + 42 response tokens (total: 32447522 / 148099)
[17:10:46] [after +42] [Context: 40807/262144 (15.6%)]
[17:10:46] [iter 9] [Context: 40807/262144 (15.6%)]
[17:10:46] INFO: AI request (iteration 9, msgs=140)
[17:10:50] INFO: AI response: 38689 prompt + 315 response tokens (total: 32486211 / 148414)
[17:10:50] ✓ ReadFile: Error: File `~/.config/KosDWM/gadgets.json` not found (checked workin/ and CWD)
[17:10:50] [after +315] [Context: 40867/262144 (15.6%)]
[17:10:50] [iter 10] [Context: 40867/262144 (15.6%)]
[17:10:50] INFO: AI request (iteration 10, msgs=142)
[17:10:52] INFO: AI response: 38765 prompt + 141 response tokens (total: 32524976 / 148555)
[17:10:52] [after +141] [Context: 41031/262144 (15.7%)]
[17:10:52] Auto-continue: AI round 6/50 — task 4/4: Create a diagnostic script that checks if KosDWM is properly...
[17:10:52] [Context: 41071/262144 (15.7%)]
[17:10:52] [iter 1] [Context: 41071/262144 (15.7%)]
[17:10:52] INFO: AI request (iteration 1, msgs=145)
[17:10:56] INFO: AI response: 38988 prompt + 331 response tokens (total: 32563964 / 148886)
[17:10:56] [after +331] [Context: 41339/262144 (15.8%)]
[17:10:56] [iter 2] [Context: 41339/262144 (15.8%)]
[17:10:56] INFO: AI request (iteration 2, msgs=147)
[17:10:58] INFO: AI response: 39254 prompt + 164 response tokens (total: 32603218 / 149050)
[17:10:58] [after +164] [Context: 41535/262144 (15.8%)]
[17:10:58] [iter 3] [Context: 41535/262144 (15.8%)]
[17:10:58] INFO: AI request (iteration 3, msgs=149)
[17:11:02] INFO: AI response: 39459 prompt + 59 response tokens (total: 32642677 / 149109)
[17:11:02] [after +59] [Context: 41633/262144 (15.9%)]
[17:11:02] [iter 4] [Context: 41633/262144 (15.9%)]
[17:11:02] INFO: AI request (iteration 4, msgs=151)
[17:11:04] INFO: AI response: 39578 prompt + 58 response tokens (total: 32682255 / 149167)
[17:11:04] [after +58] [Context: 41874/262144 (16.0%)]
[17:11:04] [iter 5] [Context: 41874/262144 (16.0%)]
[17:11:04] INFO: AI request (iteration 5, msgs=153)
[17:11:15] INFO: AI response: 39815 prompt + 1274 response tokens (total: 32722070 / 150441)
[17:11:15] [after +1274] [Context: 42979/262144 (16.4%)]
[17:11:15] [iter 6] [Context: 42979/262144 (16.4%)]
[17:11:15] INFO: AI request (iteration 6, msgs=155)
[17:11:17] INFO: AI response: 40907 prompt + 49 response tokens (total: 32762977 / 150490)
[17:11:17] [after +49] [Context: 43080/262144 (16.4%)]
[17:11:17] [iter 7] [Context: 43080/262144 (16.4%)]
[17:11:17] INFO: AI request (iteration 7, msgs=157)
[17:11:21] INFO: AI response: 41025 prompt + 46 response tokens (total: 32804002 / 150536)
[17:11:21] [after +46] [Context: 43208/262144 (16.5%)]
[17:11:21] [iter 8] [Context: 43208/262144 (16.5%)]
[17:11:21] INFO: AI request (iteration 8, msgs=159)
[17:11:27] INFO: AI response: 41157 prompt + 646 response tokens (total: 32845159 / 151182)
[17:11:27] [after +646] [Context: 43863/262144 (16.7%)]
[17:11:27] [iter 9] [Context: 43863/262144 (16.7%)]
[17:11:27] INFO: AI request (iteration 9, msgs=161)
[17:11:30] INFO: AI response: 41820 prompt + 42 response tokens (total: 32886979 / 151224)
[17:11:30] [after +42] [Context: 44808/262144 (17.1%)]
[17:11:30] [iter 10] [Context: 44808/262144 (17.1%)]
[17:11:30] INFO: AI request (iteration 10, msgs=163)
[17:11:33] INFO: AI response: 42980 prompt + 141 response tokens (total: 32929959 / 151365)
[17:11:33] [after +141] [Context: 44900/262144 (17.1%)]
[17:11:33] Auto-continue: AI round 7/50 — task 4/4: Create a diagnostic script that checks if KosDWM is properly...
[17:11:33] [Context: 44940/262144 (17.1%)]
[17:11:33] [iter 1] [Context: 44940/262144 (17.1%)]
[17:11:33] INFO: AI request (iteration 1, msgs=166)
[17:11:36] INFO: AI response: 43130 prompt + 186 response tokens (total: 32973089 / 151551)
[17:11:36] [after +186] [Context: 45041/262144 (17.2%)]
[17:11:36] [iter 2] [Context: 45041/262144 (17.2%)]
[17:11:36] INFO: AI request (iteration 2, msgs=168)
[17:11:39] INFO: AI response: 43243 prompt + 57 response tokens (total: 33016332 / 151608)
[17:11:39] [after +57] [Context: 45986/262144 (17.5%)]
[17:11:39] [iter 3] [Context: 45986/262144 (17.5%)]
[17:11:39] INFO: AI request (iteration 3, msgs=170)
[17:11:42] INFO: AI response: 44403 prompt + 157 response tokens (total: 33060735 / 151765)
[17:11:42] [after +157] [Context: 46137/262144 (17.6%)]
[17:11:42] [iter 4] [Context: 46137/262144 (17.6%)]
[17:11:42] INFO: AI request (iteration 4, msgs=172)
[17:11:44] INFO: AI response: 44573 prompt + 57 response tokens (total: 33105308 / 151822)
[17:11:44] [after +57] [Context: 46219/262144 (17.6%)]
[17:11:44] [iter 5] [Context: 46219/262144 (17.6%)]
[17:11:44] INFO: AI request (iteration 5, msgs=174)
[17:11:47] INFO: AI response: 44665 prompt + 51 response tokens (total: 33149973 / 151873)
[17:11:47] [after +51] [Context: 47164/262144 (18.0%)]
[17:11:47] [iter 6] [Context: 47164/262144 (18.0%)]
[17:11:47] INFO: AI request (iteration 6, msgs=176)
[17:11:50] INFO: AI response: 45825 prompt + 146 response tokens (total: 33195798 / 152019)
[17:11:50] [after +146] [Context: 47322/262144 (18.1%)]
[17:11:50] [iter 7] [Context: 47383/262144 (18.1%)]
[17:11:50] INFO: AI request (iteration 7, msgs=179)
[17:11:53] INFO: AI response: 46062 prompt + 91 response tokens (total: 33241860 / 152110)
[17:11:53] [after +91] [Context: 47444/262144 (18.1%)]
[17:11:53] [iter 8] [Context: 47444/262144 (18.1%)]
[17:11:53] INFO: AI request (iteration 8, msgs=181)
[17:11:55] INFO: AI response: 46141 prompt + 114 response tokens (total: 33288001 / 152224)
[17:11:55] [after +114] [Context: 47687/262144 (18.2%)]
[17:11:55] [iter 9] [Context: 47687/262144 (18.2%)]
[17:11:55] INFO: AI request (iteration 9, msgs=183)
[17:12:00] INFO: AI response: 46399 prompt + 757 response tokens (total: 33334400 / 152981)
[17:12:00] [after +757] [Context: 48459/262144 (18.5%)]
[17:12:00] [iter 10] [Context: 48459/262144 (18.5%)]
[17:12:00] INFO: AI request (iteration 10, msgs=185)
[17:12:02] INFO: AI response: 47169 prompt + 47 response tokens (total: 33381569 / 153028)
[17:12:02] [after +47] [Context: 49404/262144 (18.8%)]
[17:12:02] Auto-continue: AI round 8/50 — task 4/4: Create a diagnostic script that checks if KosDWM is properly...
[17:12:02] [Context: 49444/262144 (18.9%)]
[17:12:02] [iter 1] [Context: 49444/262144 (18.9%)]
[17:12:02] INFO: AI request (iteration 1, msgs=188)
[17:12:05] INFO: AI response: 48359 prompt + 190 response tokens (total: 33429928 / 153218)
[17:12:05] [after +190] [Context: 49843/262144 (19.0%)]
[17:12:05] [iter 2] [Context: 49843/262144 (19.0%)]
[17:12:05] INFO: AI request (iteration 2, msgs=190)
[17:12:11] INFO: AI response: 48825 prompt + 742 response tokens (total: 33478753 / 153960)
[17:12:11] [after +742] [Context: 50593/262144 (19.3%)]
[17:12:11] [iter 3] [Context: 50593/262144 (19.3%)]
[17:12:11] INFO: AI request (iteration 3, msgs=192)
[17:12:13] INFO: AI response: 49572 prompt + 42 response tokens (total: 33528325 / 154002)
[17:12:13] [after +42] [Context: 51538/262144 (19.7%)]
[17:12:13] [iter 4] [Context: 51538/262144 (19.7%)]
[17:12:13] INFO: AI request (iteration 4, msgs=194)
[17:12:15] INFO: AI response: 50732 prompt + 146 response tokens (total: 33579057 / 154148)
[17:12:15] [after +146] [Context: 51654/262144 (19.7%)]
[17:12:15] [iter 5] [Context: 51654/262144 (19.7%)]
[17:12:15] INFO: AI request (iteration 5, msgs=196)
[17:12:17] INFO: AI response: 50875 prompt + 80 response tokens (total: 33629932 / 154228)
[17:12:17] [after +80] [Context: 51758/262144 (19.7%)]
[17:12:17] [iter 6] [Context: 51758/262144 (19.7%)]
[17:12:17] INFO: AI request (iteration 6, msgs=198)
[17:12:20] INFO: AI response: 51012 prompt + 126 response tokens (total: 33680944 / 154354)
[17:12:20] [after +126] [Context: 52022/262144 (19.8%)]
[17:12:20] [iter 7] [Context: 52022/262144 (19.8%)]
[17:12:20] INFO: AI request (iteration 7, msgs=200)
[17:12:26] INFO: AI response: 51328 prompt + 712 response tokens (total: 33732272 / 155066)
[17:12:26] [after +712] [Context: 52710/262144 (20.1%)]
[17:12:26] [iter 8] [Context: 52710/262144 (20.1%)]
[17:12:26] INFO: AI request (iteration 8, msgs=202)
[17:12:28] INFO: AI response: 52057 prompt + 37 response tokens (total: 33784329 / 155103)
[17:12:28] [after +37] [Context: 53651/262144 (20.5%)]
[17:12:28] [iter 9] [Context: 53651/262144 (20.5%)]
[17:12:28] INFO: AI request (iteration 9, msgs=204)
[17:12:33] INFO: AI response: 53212 prompt + 665 response tokens (total: 33837541 / 155768)
[17:12:33] [after +665] [Context: 54277/262144 (20.7%)]
[17:12:33] [iter 10] [Context: 54277/262144 (20.7%)]
[17:12:33] INFO: AI request (iteration 10, msgs=206)
[17:12:35] INFO: AI response: 53867 prompt + 44 response tokens (total: 33891408 / 155812)
[17:12:35] [after +44] [Context: 55214/262144 (21.1%)]
[17:12:35] Auto-continue: AI round 9/50 — task 4/4: Create a diagnostic script that checks if KosDWM is properly...
[17:12:35] [Context: 55254/262144 (21.1%)]
[17:12:35] [iter 1] [Context: 55254/262144 (21.1%)]
[17:12:35] INFO: AI request (iteration 1, msgs=209)
[17:12:40] INFO: AI response: 55046 prompt + 504 response tokens (total: 33946454 / 156316)
[17:12:40] [after +504] [Context: 55733/262144 (21.3%)]
[17:12:40] [iter 2] [Context: 55733/262144 (21.3%)]
[17:12:40] INFO: AI request (iteration 2, msgs=211)
[17:12:45] INFO: AI response: 55530 prompt + 401 response tokens (total: 34001984 / 156717)
[17:12:45] [after +401] [Context: 56153/262144 (21.4%)]
[17:12:45] You: 
[19:43:17] INFO: Session started, sess_id=320, mode=build, model=kimi-k2.5:cloud
[19:43:17] You: 
[19:43:36] INFO: Session started, sess_id=321, mode=build, model=kimi-k2.5:cloud
[19:43:36] You: 
[19:43:41] You: 
[19:44:45] [Context: 56205/262144 (21.4%)]
[19:44:45] [iter 1] [Context: 56205/262144 (21.4%)]
[19:44:45] INFO: AI request (iteration 1, msgs=213)
[19:44:49] INFO: AI response: 55737 prompt + 92 response tokens (total: 6293637 / 34290)
[19:44:49] [after +92] [Context: 56321/262144 (21.5%)]
[19:44:49] You: 
[19:44:56] [Context: 55738/262144 (21.3%)]
[19:44:56] [iter 1] [Context: 55738/262144 (21.3%)]
[19:44:56] INFO: AI request (iteration 1, msgs=215)
[19:45:00] . **`<WriteFile
[Aborted: 'WriteFile' cannot be used in PLAN mode]
[19:45:00] Stream aborted: 'WriteFile' cannot be used in PLAN mode
[19:45:00] INFO: AI response: 0 prompt + 0 response tokens (total: 6293637 / 34290)
[19:45:00] [after +0] [Context: 55916/262144 (21.3%)]
[19:45:00] Model tried to use 'WriteFile' in PLAN mode.
[19:45:00]   1. Switch to BUILD mode (allow the tool)
[19:45:00]   2. Stay in PLAN mode (block the tool, continue planning)
[19:45:00]   3. Cancel AI (return to user prompt)
[19:45:00]   4. Continue (dismiss, let the model proceed)
[19:45:00] Choice (1-4): 
[19:45:33] You: 
[19:45:51] [Context: 56280/262144 (21.5%)]
[19:45:51] [iter 1] [Context: 56280/262144 (21.5%)]
[19:45:51] INFO: AI request (iteration 1, msgs=218)
[19:45:55] INFO: AI response: 56321 prompt + 176 response tokens (total: 6349958 / 34466)
[19:45:55] [after +176] [Context: 56451/262144 (21.5%)]
[19:45:55] [iter 2] [Context: 56451/262144 (21.5%)]
[19:45:55] INFO: AI request (iteration 2, msgs=220)
[19:45:58] INFO: AI response: 56472 prompt + 61 response tokens (total: 6406430 / 34527)
[19:45:58] [after +61] [Context: 56554/262144 (21.6%)]
[19:45:58] [iter 3] [Context: 56554/262144 (21.6%)]
[19:45:58] INFO: AI request (iteration 3, msgs=222)
[19:46:01] INFO: AI response: 56565 prompt + 77 response tokens (total: 6462995 / 34604)
[19:46:01] [after +77] [Context: 56651/262144 (21.6%)]
[19:46:01] [iter 4] [Context: 56651/262144 (21.6%)]
[19:46:01] INFO: AI request (iteration 4, msgs=224)
[19:46:04] INFO: AI response: 56654 prompt + 72 response tokens (total: 6519649 / 34676)
[19:46:04] [after +72] [Context: 56742/262144 (21.6%)]
[19:46:04] [iter 5] [Context: 56742/262144 (21.6%)]
[19:46:04] INFO: AI request (iteration 5, msgs=226)
[19:46:07] INFO: AI response: 56742 prompt + 111 response tokens (total: 6576391 / 34787)
[19:46:07] [after +111] [Context: 56827/262144 (21.7%)]
[19:46:07] [iter 6] [Context: 56827/262144 (21.7%)]
[19:46:07] INFO: AI request (iteration 6, msgs=228)
[19:46:10] INFO: AI response: 56823 prompt + 56 response tokens (total: 6633214 / 34843)
[19:46:10] [after +56] [Context: 56910/262144 (21.7%)]
[19:46:10] [iter 7] [Context: 56910/262144 (21.7%)]
[19:46:10] INFO: AI request (iteration 7, msgs=230)
[19:46:12] INFO: AI response: 56905 prompt + 24 response tokens (total: 6690119 / 34867)
[19:46:12] [after +24] [Context: 57007/262144 (21.7%)]
[19:46:12] Plan complete — switched to BUILD mode. Waiting for your instruction.
[19:46:12] You: 
[19:46:17] You: 
[19:46:25] [Context: 57007/262144 (21.7%)]
[19:46:25] [iter 1] [Context: 57007/262144 (21.7%)]
[19:46:25] INFO: AI request (iteration 1, msgs=233)
[19:46:28] INFO: AI response: 56993 prompt + 52 response tokens (total: 6747112 / 34919)
[19:46:28] [after +52] [Context: 57826/262144 (22.1%)]
[19:46:28] [iter 2] [Context: 57826/262144 (22.1%)]
[19:46:28] INFO: AI request (iteration 2, msgs=235)
[19:46:33] INFO: AI response: 57871 prompt + 45 response tokens (total: 6804983 / 34964)
[19:46:33] [after +45] [Context: 58894/262144 (22.5%)]
[19:46:33] [iter 3] [Context: 58894/262144 (22.5%)]
[19:46:33] INFO: AI request (iteration 3, msgs=237)
[19:46:38] INFO: AI response: 59027 prompt + 58 response tokens (total: 6864010 / 35022)
[19:46:38] [after +58] [Context: 59006/262144 (22.5%)]
[19:46:38] [iter 4] [Context: 59006/262144 (22.5%)]
[19:46:38] INFO: AI request (iteration 4, msgs=239)
[19:46:41] INFO: AI response: 59159 prompt + 86 response tokens (total: 6923169 / 35108)
[19:46:41] [after +86] [Context: 59108/262144 (22.5%)]
[19:46:41] [iter 5] [Context: 59108/262144 (22.5%)]
[19:46:41] INFO: AI request (iteration 5, msgs=241)
[19:46:48] INFO: AI response: 59271 prompt + 48 response tokens (total: 6982440 / 35156)
[19:46:48] [after +48] [Context: 59164/262144 (22.6%)]
[19:46:48] [iter 6] [Context: 59164/262144 (22.6%)]
[19:46:48] INFO: AI request (iteration 6, msgs=243)
[19:46:51] INFO: AI response: 59340 prompt + 70 response tokens (total: 7041780 / 35226)
[19:46:51] [after +70] [Context: 59281/262144 (22.6%)]
[19:46:51] [iter 7] [Context: 59281/262144 (22.6%)]
[19:46:51] INFO: AI request (iteration 7, msgs=245)
[19:46:54] INFO: AI response: 59479 prompt + 124 response tokens (total: 7101259 / 35350)
[19:46:54] [after +124] [Context: 59804/262144 (22.8%)]
[19:46:54] [iter 8] [Context: 59804/262144 (22.8%)]
[19:46:54] INFO: AI request (iteration 8, msgs=247)
[19:46:59] INFO: AI response: 60077 prompt + 184 response tokens (total: 7161336 / 35534)
[19:46:59] [after +184] [Context: 60425/262144 (23.1%)]
[19:46:59] [iter 9] [Context: 60425/262144 (23.1%)]
[19:46:59] INFO: AI request (iteration 9, msgs=249)
[19:47:05] INFO: AI response: 60806 prompt + 284 response tokens (total: 7222142 / 35818)
[19:47:05] [after +284] [Context: 60675/262144 (23.1%)]
[19:47:05] [iter 10] [Context: 60675/262144 (23.1%)]
[19:47:05] INFO: AI request (iteration 10, msgs=252)
[19:47:08] INFO: AI response: 61036 prompt + 58 response tokens (total: 7283178 / 35876)
[19:47:08] ✓ ReadFile: Error: File `src/gadgets/manager.py` not found (checked workin/ and CWD)
[19:47:08] [after +58] [Context: 60732/262144 (23.2%)]
[19:47:08] Auto-continue: AI round 1/50 — task 6/9: Read src/gadgets/manager.py to see how to get enabled gadget...
[19:47:08] [Context: 60768/262144 (23.2%)]
[19:47:08] [iter 1] [Context: 60768/262144 (23.2%)]
[19:47:08] INFO: AI request (iteration 1, msgs=255)
[19:47:11] INFO: AI response: 61135 prompt + 36 response tokens (total: 7344313 / 35912)
[19:47:11] [after +36] [Context: 60833/262144 (23.2%)]
[19:47:11] [iter 2] [Context: 60833/262144 (23.2%)]
[19:47:11] INFO: AI request (iteration 2, msgs=257)
[19:47:14] INFO: AI response: 61208 prompt + 59 response tokens (total: 7405521 / 35971)
[19:47:14] [after +59] [Context: 61660/262144 (23.5%)]
[19:47:14] [iter 3] [Context: 61660/262144 (23.5%)]
[19:47:14] INFO: AI request (iteration 3, msgs=259)
[19:47:18] INFO: AI response: 61985 prompt + 137 response tokens (total: 7467506 / 36108)
[19:47:18] [after +137] [Context: 61837/262144 (23.6%)]
[19:47:18] [iter 4] [Context: 61837/262144 (23.6%)]
[19:47:18] INFO: AI request (iteration 4, msgs=261)
[19:47:21] INFO: AI response: 62196 prompt + 127 response tokens (total: 7529702 / 36235)
[19:47:21] [after +127] [Context: 63122/262144 (24.1%)]
[19:47:21] [iter 5] [Context: 63122/262144 (24.1%)]
[19:47:21] INFO: AI request (iteration 5, msgs=263)
[19:47:24] INFO: AI response: 63539 prompt + 177 response tokens (total: 7593241 / 36412)
[19:47:24] [after +177] [Context: 63661/262144 (24.3%)]
[19:47:24] [iter 6] [Context: 63661/262144 (24.3%)]
[19:47:24] INFO: AI request (iteration 6, msgs=265)
[19:47:32] INFO: AI response: 64103 prompt + 273 response tokens (total: 7657344 / 36685)
[19:47:32] [after +273] [Context: 63922/262144 (24.4%)]
[19:47:32] [iter 7] [Context: 63922/262144 (24.4%)]
[19:47:32] INFO: AI request (iteration 7, msgs=268)
[19:47:36] INFO: AI response: 64348 prompt + 67 response tokens (total: 7721692 / 36752)
[19:47:36] [after +67] [Context: 63987/262144 (24.4%)]
[19:47:36] [iter 8] [Context: 63987/262144 (24.4%)]
[19:47:36] INFO: AI request (iteration 8, msgs=270)
[19:47:39] INFO: AI response: 64421 prompt + 52 response tokens (total: 7786113 / 36804)
[19:47:39] [after +52] [Context: 64574/262144 (24.6%)]
[19:47:39] [iter 9] [Context: 64574/262144 (24.6%)]
[19:47:39] INFO: AI request (iteration 9, msgs=272)
[19:47:42] INFO: AI response: 65129 prompt + 56 response tokens (total: 7851242 / 36860)
[19:47:42] [after +56] [Context: 64624/262144 (24.7%)]
[19:47:42] [iter 10] [Context: 64624/262144 (24.7%)]
[19:47:42] INFO: AI request (iteration 10, msgs=274)
[19:47:46] INFO: AI response: 65190 prompt + 132 response tokens (total: 7916432 / 36992)
[19:47:46] [after +132] [Context: 64743/262144 (24.7%)]
[19:47:46] Auto-continue: AI round 2/50 — task 7/9: Read src/panel.py to understand the panel structure and how ...
[19:47:46] [Context: 64778/262144 (24.7%)]
[19:47:46] [iter 1] [Context: 64778/262144 (24.7%)]
[19:47:46] INFO: AI request (iteration 1, msgs=277)
[19:47:49] INFO: AI response: 65362 prompt + 161 response tokens (total: 7981794 / 37153)
[19:47:49] [after +161] [Context: 65055/262144 (24.8%)]
[19:47:49] [iter 2] [Context: 65055/262144 (24.8%)]
[19:47:49] INFO: AI request (iteration 2, msgs=279)
[19:47:54] INFO: AI response: 65688 prompt + 282 response tokens (total: 8047482 / 37435)
[19:47:54] [after +282] [Context: 65250/262144 (24.9%)]
[19:47:54] [iter 3] [Context: 65250/262144 (24.9%)]
[19:47:54] INFO: AI request (iteration 3, msgs=281)
[19:47:58] INFO: AI response: 65888 prompt + 189 response tokens (total: 8113370 / 37624)
[19:47:58] [after +189] [Context: 65432/262144 (25.0%)]
[19:47:58] Auto-continue: AI round 3/50 — task 7/9: Read src/panel.py to understand the panel structure and how ...
[19:47:58] [Context: 65467/262144 (25.0%)]
[19:47:58] [iter 1] [Context: 65467/262144 (25.0%)]
[19:47:58] INFO: AI request (iteration 1, msgs=283)
[19:48:03] INFO: AI response: 65923 prompt + 405 response tokens (total: 8179293 / 38029)
[19:48:03] [after +405] [Context: 65720/262144 (25.1%)]
[19:48:03] [iter 2] [Context: 65720/262144 (25.1%)]
[19:48:03] INFO: AI request (iteration 2, msgs=286)
[19:48:07] INFO: AI response: 66166 prompt + 237 response tokens (total: 8245459 / 38266)
[19:48:07] [after +237] [Context: 66187/262144 (25.2%)]
[19:48:07] [iter 3] [Context: 66187/262144 (25.2%)]
[19:48:07] INFO: AI request (iteration 3, msgs=288)
[19:48:13] INFO: AI response: 66690 prompt + 482 response tokens (total: 8312149 / 38748)
[19:48:13] [after +482] [Context: 66529/262144 (25.4%)]
[19:48:13] [iter 4] [Context: 66529/262144 (25.4%)]
[19:48:13] INFO: AI request (iteration 4, msgs=290)
[19:48:17] INFO: AI response: 67059 prompt + 232 response tokens (total: 8379208 / 38980)
[19:48:17] [after +232] [Context: 66667/262144 (25.4%)]
[19:48:17] [iter 5] [Context: 66667/262144 (25.4%)]
[19:48:17] INFO: AI request (iteration 5, msgs=292)
[19:48:22] INFO: AI response: 67206 prompt + 257 response tokens (total: 8446414 / 39237)
[19:48:22] [after +257] [Context: 66908/262144 (25.5%)]
[19:48:22] [iter 6] [Context: 66908/262144 (25.5%)]
[19:48:22] INFO: AI request (iteration 6, msgs=294)
[19:48:25] INFO: AI response: 67502 prompt + 116 response tokens (total: 8513916 / 39353)
[19:48:25] [after +116] [Context: 67041/262144 (25.6%)]
[19:48:25] [iter 7] [Context: 67041/262144 (25.6%)]
[19:48:25] INFO: AI request (iteration 7, msgs=296)
[19:48:31] INFO: AI response: 67633 prompt + 360 response tokens (total: 8581549 / 39713)
[19:48:31] [after +360] [Context: 67418/262144 (25.7%)]
[19:48:31] [iter 8] [Context: 67418/262144 (25.7%)]
[19:48:31] INFO: AI request (iteration 8, msgs=298)
[19:48:37] INFO: AI response: 68033 prompt + 358 response tokens (total: 8649582 / 40071)
[19:48:37] [after +358] [Context: 67851/262144 (25.9%)]
[19:48:37] [iter 9] [Context: 67851/262144 (25.9%)]
[19:48:37] INFO: AI request (iteration 9, msgs=300)
[19:48:42] INFO: AI response: 68498 prompt + 287 response tokens (total: 8718080 / 40358)
[19:48:42] [after +287] [Context: 68090/262144 (26.0%)]
[19:48:42] [iter 10] [Context: 68090/262144 (26.0%)]
[19:48:42] INFO: AI request (iteration 10, msgs=303)
[19:48:46] INFO: AI response: 68711 prompt + 176 response tokens (total: 8786791 / 40534)
[19:48:46] [after +176] [Context: 68252/262144 (26.0%)]
[19:48:46] Auto-continue: AI round 4/50 — task 9/9: Start KosDWM and verify that hello_world and test_gadget but...
[19:48:46] [Context: 68290/262144 (26.1%)]
[19:48:46] [iter 1] [Context: 68290/262144 (26.1%)]
[19:48:46] INFO: AI request (iteration 1, msgs=306)
[19:48:51] INFO: AI response: 68914 prompt + 357 response tokens (total: 8855705 / 40891)
[19:48:51] [after +357] [Context: 68586/262144 (26.2%)]
[19:48:51] [iter 2] [Context: 68586/262144 (26.2%)]
[19:48:51] INFO: AI request (iteration 2, msgs=308)
[19:48:54] INFO: AI response: 69229 prompt + 119 response tokens (total: 8924934 / 41010)
[19:48:54] [after +119] [Context: 68721/262144 (26.2%)]
[19:48:54] [iter 3] [Context: 68721/262144 (26.2%)]
[19:48:54] INFO: AI request (iteration 3, msgs=310)
[19:48:57] INFO: AI response: 69367 prompt + 115 response tokens (total: 8994301 / 41125)
[19:48:57] [after +115] [Context: 68845/262144 (26.3%)]
[19:48:57] Auto-continue: AI round 5/50 — task 9/9: Start KosDWM and verify that hello_world and test_gadget but...
[19:48:57] [Context: 68883/262144 (26.3%)]
[19:48:57] [iter 1] [Context: 68883/262144 (26.3%)]
[19:48:57] INFO: AI request (iteration 1, msgs=312)
[19:49:01] INFO: AI response: 69404 prompt + 166 response tokens (total: 9063705 / 41291)
[19:49:01] [after +166] [Context: 69061/262144 (26.3%)]
[19:49:01] [iter 2] [Context: 69061/262144 (26.3%)]
[19:49:01] INFO: AI request (iteration 2, msgs=314)
[19:49:03] INFO: AI response: 69593 prompt + 77 response tokens (total: 9133298 / 41368)
[19:49:03] ✓ ExecuteScript: Error: Program 'timeout' is not in the allowed programs list.
Allowed: ls, dir, cat, echo, pwd, whoami, date, id, grep, find, sort, head, tail, wc, awk, sed, bash, sh, python3, python, node, perl, ruby, git, make, cmake, gcc, g++, ping, curl, wget, netstat, ss, ps, top, df, du, free, mkdir, cp, mv, touch, rm, rmdir, ln, install, chmod, chown, cd, ollama, pip, pip3, nvidia-smi, ffmpeg, ffprobe
[19:49:03] [after +77] [Context: 69208/262144 (26.4%)]
[19:49:03] [iter 3] [Context: 69208/262144 (26.4%)]
[19:49:03] INFO: AI request (iteration 3, msgs=316)
[19:49:06] INFO: AI response: 69785 prompt + 89 response tokens (total: 9203083 / 41457)
[19:49:09] [after +89] [Context: 69319/262144 (26.4%)]
[19:49:09] [iter 4] [Context: 69319/262144 (26.4%)]
[19:49:09] INFO: AI request (iteration 4, msgs=318)
[19:49:12] INFO: AI response: 69922 prompt + 43 response tokens (total: 9273005 / 41500)
[19:49:12] ✓ ExecuteScript: Error: Program 'pip' not found in PATH
[19:49:12] [after +43] [Context: 69366/262144 (26.5%)]
[19:49:12] [iter 5] [Context: 69366/262144 (26.5%)]
[19:49:12] INFO: AI request (iteration 5, msgs=320)
[19:49:16] INFO: AI response: 69971 prompt + 204 response tokens (total: 9342976 / 41704)
[19:49:16] [after +204] [Context: 69600/262144 (26.6%)]
[19:49:16] [iter 6] [Context: 69600/262144 (26.6%)]
[19:49:16] INFO: AI request (iteration 6, msgs=322)
[19:49:19] INFO: AI response: 70209 prompt + 174 response tokens (total: 9413185 / 41878)
[19:49:19] [after +174] [Context: 70288/262144 (26.8%)]
[19:49:19] [iter 7] [Context: 70288/262144 (26.8%)]
[19:49:19] INFO: AI request (iteration 7, msgs=324)
[19:49:22] INFO: AI response: 71083 prompt + 80 response tokens (total: 9484268 / 41958)
[19:49:22] [after +80] [Context: 70335/262144 (26.8%)]
[19:49:22] [iter 8] [Context: 70335/262144 (26.8%)]
[19:49:22] INFO: AI request (iteration 8, msgs=326)
[19:49:26] INFO: AI response: 71144 prompt + 88 response tokens (total: 9555412 / 42046)
[19:49:26] [after +88] [Context: 70830/262144 (27.0%)]
[19:49:26] [iter 9] [Context: 70830/262144 (27.0%)]
[19:49:26] INFO: AI request (iteration 9, msgs=328)
[19:49:29] INFO: AI response: 72137 prompt + 119 response tokens (total: 9627549 / 42165)
[19:49:29] [after +119] [Context: 70895/262144 (27.0%)]
[19:49:29] [iter 10] [Context: 70895/262144 (27.0%)]
[19:49:29] INFO: AI request (iteration 10, msgs=330)
[19:49:32] INFO: AI response: 72216 prompt + 63 response tokens (total: 9699765 / 42228)
[19:49:32] [after +63] [Context: 71583/262144 (27.3%)]
[19:49:32] Auto-continue: AI round 6/50 — task 9/9: Start KosDWM and verify that hello_world and test_gadget but...
[19:49:32] [Context: 71621/262144 (27.3%)]
[19:49:32] [iter 1] [Context: 71621/262144 (27.3%)]
[19:49:32] INFO: AI request (iteration 1, msgs=333)
[19:49:35] INFO: AI response: 73121 prompt + 56 response tokens (total: 9772886 / 42284)
[19:49:35] [after +56] [Context: 71677/262144 (27.3%)]
[19:49:35] [iter 2] [Context: 71677/262144 (27.3%)]
[19:49:35] INFO: AI request (iteration 2, msgs=335)
[19:49:38] INFO: AI response: 73195 prompt + 147 response tokens (total: 9846081 / 42431)
[19:49:38] [after +147] [Context: 71835/262144 (27.4%)]
[19:49:38] [iter 3] [Context: 71835/262144 (27.4%)]
[19:49:38] INFO: AI request (iteration 3, msgs=337)
[19:49:41] INFO: AI response: 73370 prompt + 125 response tokens (total: 9919451 / 42556)
[19:49:41] [after +125] [Context: 71976/262144 (27.5%)]
[19:49:41] [iter 4] [Context: 71976/262144 (27.5%)]
[19:49:41] INFO: AI request (iteration 4, msgs=339)
[19:49:44] INFO: AI response: 73542 prompt + 79 response tokens (total: 9992993 / 42635)
[19:49:44] [after +79] [Context: 72598/262144 (27.7%)]
[19:49:44] [iter 5] [Context: 72598/262144 (27.7%)]
[19:49:44] INFO: AI request (iteration 5, msgs=341)
[19:49:48] INFO: AI response: 74735 prompt + 125 response tokens (total: 10067728 / 42760)
[19:49:48] [after +125] [Context: 72896/262144 (27.8%)]
[19:49:48] [iter 6] [Context: 72896/262144 (27.8%)]
[19:49:48] INFO: AI request (iteration 6, msgs=343)
[19:50:03] Stream waiting... (105s left)
[19:50:11] INFO: AI response: 75107 prompt + 45 response tokens (total: 10142835 / 42805)
[19:50:11] [after +45] [Context: 73846/262144 (28.2%)]
[19:50:11] [iter 7] [Context: 73907/262144 (28.2%)]
[19:50:11] INFO: AI request (iteration 7, msgs=346)
[19:50:15] INFO: AI response: 76320 prompt + 244 response tokens (total: 10219155 / 43049)
[19:50:15] [after +244] [Context: 74052/262144 (28.2%)]
[19:50:15] [iter 8] [Context: 74052/262144 (28.2%)]
[19:50:15] INFO: AI request (iteration 8, msgs=348)
[19:50:19] INFO: AI response: 76461 prompt + 360 response tokens (total: 10295616 / 43409)
[19:50:19] [after +360] [Context: 74419/262144 (28.4%)]
[19:50:19] You: 
[19:52:15] [Context: 74454/262144 (28.4%)]
[19:52:15] [iter 1] [Context: 74454/262144 (28.4%)]
[19:52:15] INFO: AI request (iteration 1, msgs=350)
[19:52:30] Stream waiting... (105s left)
[19:52:39] INFO: AI response: 76845 prompt + 112 response tokens (total: 10372461 / 43521)
[19:52:39] [after +112] [Context: 74504/262144 (28.4%)]
[19:52:39] [iter 2] [Context: 74504/262144 (28.4%)]
[19:52:39] INFO: AI request (iteration 2, msgs=352)
[19:52:42] INFO: AI response: 76890 prompt + 79 response tokens (total: 10449351 / 43600)
[19:52:48] [after +79] [Context: 74552/262144 (28.4%)]
[19:52:48] [iter 3] [Context: 74552/262144 (28.4%)]
[19:52:48] INFO: AI request (iteration 3, msgs=354)
[19:52:51] INFO: AI response: 76949 prompt + 52 response tokens (total: 10526300 / 43652)
[19:52:53] [after +52] [Context: 74664/262144 (28.5%)]
[19:52:53] [iter 4] [Context: 74664/262144 (28.5%)]
[19:52:53] INFO: AI request (iteration 4, msgs=356)
[19:52:56] INFO: AI response: 77082 prompt + 61 response tokens (total: 10603382 / 43713)
[19:52:56] [after +61] [Context: 74728/262144 (28.5%)]
[19:52:56] [iter 5] [Context: 74728/262144 (28.5%)]
[19:52:56] INFO: AI request (iteration 5, msgs=358)
[19:53:01] INFO: AI response: 77162 prompt + 247 response tokens (total: 10680544 / 43960)
[19:53:01] [after +247] [Context: 75183/262144 (28.7%)]
[19:53:01] [iter 6] [Context: 75183/262144 (28.7%)]
[19:53:01] INFO: AI request (iteration 6, msgs=360)
[19:53:04] INFO: AI response: 77623 prompt + 54 response tokens (total: 10758167 / 44014)
[19:53:04] [after +54] [Context: 75383/262144 (28.8%)]
[19:53:04] [iter 7] [Context: 75383/262144 (28.8%)]
[19:53:04] INFO: AI request (iteration 7, msgs=362)
[19:53:08] INFO: AI response: 77997 prompt + 126 response tokens (total: 10836164 / 44140)
[19:53:08] [after +126] [Context: 75702/262144 (28.9%)]
[19:53:08] [iter 8] [Context: 75702/262144 (28.9%)]
[19:53:08] INFO: AI request (iteration 8, msgs=364)
[19:53:12] INFO: AI response: 78343 prompt + 160 response tokens (total: 10914507 / 44300)
[19:53:12] [after +160] [Context: 75836/262144 (28.9%)]
[19:53:12] [iter 9] [Context: 75836/262144 (28.9%)]
[19:53:12] INFO: AI request (iteration 9, msgs=366)
[19:53:15] INFO: AI response: 78508 prompt + 60 response tokens (total: 10993015 / 44360)
[19:53:16] [after +60] [Context: 75908/262144 (29.0%)]
[19:53:16] [iter 10] [Context: 75908/262144 (29.0%)]
[19:53:16] INFO: AI request (iteration 10, msgs=368)
[19:53:19] INFO: AI response: 78605 prompt + 49 response tokens (total: 11071620 / 44409)
[19:53:19] [after +49] [Context: 75980/262144 (29.0%)]
[19:53:19] You: 
[19:53:47] [Context: 76009/262144 (29.0%)]
[19:53:47] [iter 1] [Context: 76009/262144 (29.0%)]
[19:53:47] INFO: AI request (iteration 1, msgs=371)
[19:53:50] INFO: AI response: 78726 prompt + 71 response tokens (total: 11150346 / 44480)
[19:53:50] [after +71] [Context: 76056/262144 (29.0%)]
[19:53:50] [iter 2] [Context: 76056/262144 (29.0%)]
[19:53:50] INFO: AI request (iteration 2, msgs=373)
[19:53:53] INFO: AI response: 78787 prompt + 48 response tokens (total: 11229133 / 44528)
[19:53:53] [after +48] [Context: 76564/262144 (29.2%)]
[19:53:53] [iter 3] [Context: 76564/262144 (29.2%)]
[19:53:53] INFO: AI request (iteration 3, msgs=375)
[19:53:56] INFO: AI response: 79808 prompt + 127 response tokens (total: 11308941 / 44655)
[19:53:56] [after +127] [Context: 76764/262144 (29.3%)]
[19:53:56] [iter 4] [Context: 76764/262144 (29.3%)]
[19:53:56] INFO: AI request (iteration 4, msgs=377)
[19:53:59] INFO: AI response: 80182 prompt + 91 response tokens (total: 11389123 / 44746)
[19:53:59] [after +91] [Context: 76933/262144 (29.3%)]
[19:53:59] [iter 5] [Context: 76933/262144 (29.3%)]
[19:53:59] INFO: AI request (iteration 5, msgs=379)
[19:54:03] INFO: AI response: 80358 prompt + 83 response tokens (total: 11469481 / 44829)
[19:54:03] [after +83] [Context: 77045/262144 (29.4%)]
[19:54:03] [iter 6] [Context: 77045/262144 (29.4%)]
[19:54:03] INFO: AI request (iteration 6, msgs=381)
[19:54:07] INFO: AI response: 80482 prompt + 62 response tokens (total: 11549963 / 44891)
[19:54:07] [after +62] [Context: 77105/262144 (29.4%)]
[19:54:07] [iter 7] [Context: 77105/262144 (29.4%)]
[19:54:07] INFO: AI request (iteration 7, msgs=383)
[19:54:11] INFO: AI response: 80559 prompt + 159 response tokens (total: 11630522 / 45050)
[19:54:11] [after +159] [Context: 77285/262144 (29.5%)]
[19:54:11] [iter 8] [Context: 77285/262144 (29.5%)]
[19:54:11] INFO: AI request (iteration 8, msgs=385)
[19:54:14] INFO: AI response: 80752 prompt + 91 response tokens (total: 11711274 / 45141)
[19:54:44] ✓ ExecuteScript: Error: Command timed out (30s limit)
[19:54:44] [after +91] [Context: 77354/262144 (29.5%)]
[19:54:44] [iter 9] [Context: 77354/262144 (29.5%)]
[19:54:44] INFO: AI request (iteration 9, msgs=387)
[19:54:47] INFO: AI response: 80832 prompt + 52 response tokens (total: 11792106 / 45193)
[19:54:47] [after +52] [Context: 77450/262144 (29.5%)]
[19:54:47] [iter 10] [Context: 77511/262144 (29.6%)]
[19:54:47] INFO: AI request (iteration 10, msgs=390)
[19:54:51] INFO: AI response: 81025 prompt + 73 response tokens (total: 11873131 / 45266)
[19:54:51] [after +73] [Context: 84118/262144 (32.1%)]
[19:54:51] You: 
[19:55:23] [Context: 84160/262144 (32.1%)]
[19:55:23] [iter 1] [Context: 84160/262144 (32.1%)]
[19:55:23] INFO: AI request (iteration 1, msgs=393)
[19:55:27] INFO: AI response: 93109 prompt + 179 response tokens (total: 11966240 / 45445)
[19:55:27] [after +179] [Context: 84392/262144 (32.2%)]
[19:55:27] [iter 2] [Context: 84392/262144 (32.2%)]
[19:55:27] INFO: AI request (iteration 2, msgs=395)
[19:55:30] INFO: AI response: 93365 prompt + 62 response tokens (total: 12059605 / 45507)
[19:55:30] [after +62] [Context: 84645/262144 (32.3%)]
[19:55:30] [iter 3] [Context: 84645/262144 (32.3%)]
[19:55:30] INFO: AI request (iteration 3, msgs=397)
[19:55:35] INFO: AI response: 93632 prompt + 347 response tokens (total: 12153237 / 45854)
[19:55:35] [after +347] [Context: 85135/262144 (32.5%)]
[19:55:35] [iter 4] [Context: 85135/262144 (32.5%)]
[19:55:35] INFO: AI request (iteration 4, msgs=399)
[19:55:50] Stream waiting... (105s left)
[19:56:05] Stream waiting... (90s left)
[19:56:08] INFO: AI response: 94161 prompt + 56 response tokens (total: 12247398 / 45910)
[19:56:08] [after +56] [Context: 85207/262144 (32.5%)]
[19:56:08] [iter 5] [Context: 85207/262144 (32.5%)]
[19:56:08] INFO: AI request (iteration 5, msgs=401)
[19:56:12] INFO: AI response: 94258 prompt + 89 response tokens (total: 12341656 / 45999)
[19:56:12] [after +89] [Context: 85277/262144 (32.5%)]
[19:56:12] [iter 6] [Context: 85277/262144 (32.5%)]
[19:56:12] INFO: AI request (iteration 6, msgs=403)
[19:56:15] INFO: AI response: 94359 prompt + 124 response tokens (total: 12436015 / 46123)
[19:56:15] [after +124] [Context: 85423/262144 (32.6%)]
[19:56:15] [iter 7] [Context: 85423/262144 (32.6%)]
[19:56:15] INFO: AI request (iteration 7, msgs=405)
[19:56:18] INFO: AI response: 94537 prompt + 98 response tokens (total: 12530552 / 46221)
[19:56:18] [after +98] [Context: 85534/262144 (32.6%)]
[19:56:18] [iter 8] [Context: 85534/262144 (32.6%)]
[19:56:18] INFO: AI request (iteration 8, msgs=407)
[19:56:23] INFO: AI response: 94671 prompt + 202 response tokens (total: 12625223 / 46423)
[19:56:23] [after +202] [Context: 85715/262144 (32.7%)]
[19:56:23] [iter 9] [Context: 85715/262144 (32.7%)]
[19:56:23] INFO: AI request (iteration 9, msgs=409)
[19:56:26] INFO: AI response: 94896 prompt + 65 response tokens (total: 12720119 / 46488)
[19:56:26] [after +65] [Context: 85798/262144 (32.7%)]
[19:56:26] [iter 10] [Context: 85798/262144 (32.7%)]
[19:56:26] INFO: AI request (iteration 10, msgs=411)
[19:56:29] INFO: AI response: 95037 prompt + 194 response tokens (total: 12815156 / 46682)
[19:56:29] [after +194] [Context: 85864/262144 (32.8%)]
[19:56:29] You: 
[20:05:58] [Context: 85874/262144 (32.8%)]
[20:05:58] [iter 1] [Context: 85874/262144 (32.8%)]
[20:05:58] INFO: AI request (iteration 1, msgs=414)
[20:06:02] INFO: AI response: 95129 prompt + 89 response tokens (total: 12910285 / 46771)
[20:06:02] [after +89] [Context: 85944/262144 (32.8%)]
[20:06:02] [iter 2] [Context: 85944/262144 (32.8%)]
[20:06:02] INFO: AI request (iteration 2, msgs=416)
[20:06:06] INFO: AI response: 95230 prompt + 87 response tokens (total: 13005515 / 46858)
[20:06:06] [after +87] [Context: 86033/262144 (32.8%)]
[20:06:06] [iter 3] [Context: 86033/262144 (32.8%)]
[20:06:06] INFO: AI request (iteration 3, msgs=418)
[20:06:10] INFO: AI response: 95340 prompt + 59 response tokens (total: 13100855 / 46917)
[20:06:10] [after +59] [Context: 86094/262144 (32.8%)]
[20:06:10] [iter 4] [Context: 86094/262144 (32.8%)]
[20:06:10] INFO: AI request (iteration 4, msgs=420)
[20:06:23] INFO: AI response: 95419 prompt + 76 response tokens (total: 13196274 / 46993)
[20:06:23] ✓ ExecuteScript: Error: Program 'file' is not in the allowed programs list.
Allowed: ls, dir, cat, echo, pwd, whoami, date, id, grep, find, sort, head, tail, wc, awk, sed, bash, sh, python3, python, node, perl, ruby, git, make, cmake, gcc, g++, ping, curl, wget, netstat, ss, ps, top, df, du, free, mkdir, cp, mv, touch, rm, rmdir, ln, install, chmod, chown, cd, ollama, pip, pip3, nvidia-smi, ffmpeg, ffprobe
[20:06:23] [after +76] [Context: 86234/262144 (32.9%)]
[20:06:23] [iter 5] [Context: 86234/262144 (32.9%)]
[20:06:23] INFO: AI request (iteration 5, msgs=422)
[20:06:26] INFO: AI response: 95605 prompt + 62 response tokens (total: 13291879 / 47055)
[20:06:26] [after +62] [Context: 86317/262144 (32.9%)]
[20:06:26] [iter 6] [Context: 86317/262144 (32.9%)]
[20:06:26] INFO: AI request (iteration 6, msgs=424)
[20:06:30] INFO: AI response: 95693 prompt + 171 response tokens (total: 13387572 / 47226)
[20:06:30] [after +171] [Context: 86505/262144 (33.0%)]
[20:06:30] [iter 7] [Context: 86505/262144 (33.0%)]
[20:06:30] INFO: AI request (iteration 7, msgs=426)
[20:06:34] INFO: AI response: 95902 prompt + 69 response tokens (total: 13483474 / 47295)
[20:06:34] [after +69] [Context: 86788/262144 (33.1%)]
[20:06:34] [iter 8] [Context: 86788/262144 (33.1%)]
[20:06:34] INFO: AI request (iteration 8, msgs=428)
[20:06:37] INFO: AI response: 96447 prompt + 115 response tokens (total: 13579921 / 47410)
[20:06:37] [after +115] [Context: 86847/262144 (33.1%)]
[20:06:37] [iter 9] [Context: 86847/262144 (33.1%)]
[20:06:38] INFO: AI request (iteration 9, msgs=430)
[20:06:42] INFO: AI response: 96523 prompt + 151 response tokens (total: 13676444 / 47561)
[20:06:42] [after +151] [Context: 87047/262144 (33.2%)]
[20:06:42] [iter 10] [Context: 87108/262144 (33.2%)]
[20:06:42] INFO: AI request (iteration 10, msgs=433)
[20:06:45] INFO: AI response: 96955 prompt + 57 response tokens (total: 13773399 / 47618)
[20:06:45] [after +57] [Context: 87180/262144 (33.3%)]
[20:06:45] You: 
[20:08:15] [Context: 87190/262144 (33.3%)]
[20:08:15] [iter 1] [Context: 87190/262144 (33.3%)]
[20:08:15] INFO: AI request (iteration 1, msgs=436)
[20:08:18] INFO: AI response: 97055 prompt + 105 response tokens (total: 13870454 / 47723)
[20:08:18] [after +105] [Context: 87274/262144 (33.3%)]
[20:08:18] [iter 2] [Context: 87274/262144 (33.3%)]
[20:08:19] INFO: AI request (iteration 2, msgs=438)
[20:08:22] INFO: AI response: 97145 prompt + 127 response tokens (total: 13967599 / 47850)
[20:08:22] [after +127] [Context: 87404/262144 (33.3%)]
[20:08:22] [iter 3] [Context: 87404/262144 (33.3%)]
[20:08:22] INFO: AI request (iteration 3, msgs=440)
[20:08:26] INFO: AI response: 97307 prompt + 204 response tokens (total: 14064906 / 48054)
[20:08:26] ✓ ExecuteScript: Error: FileNotFoundError [Errno 2] No such file or directory: '/home/t3ch/.config/KosDWM/gadgets/notices.py'
Directory contents: ['hello_world.py', 'test_gadget.py', '__pycache__']
(cwd: /home/t3ch/script/KosDWM4)
[20:08:26] [after +204] [Context: 87635/262144 (33.4%)]
[20:08:26] [iter 4] [Context: 87635/262144 (33.4%)]
[20:08:26] INFO: AI request (iteration 4, msgs=442)
[20:08:41] Stream waiting... (105s left)
[20:08:56] Stream waiting... (90s left)
[20:09:11] Stream waiting... (75s left)
[20:09:16] INFO: AI response: 97564 prompt + 72 response tokens (total: 14162470 / 48126)
[20:09:16] [after +72] [Context: 87692/262144 (33.5%)]
[20:09:16] [iter 5] [Context: 87692/262144 (33.5%)]
[20:09:17] INFO: AI request (iteration 5, msgs=444)
[20:09:20] INFO: AI response: 97636 prompt + 78 response tokens (total: 14260106 / 48204)
[20:09:20] [after +78] [Context: 87768/262144 (33.5%)]
[20:09:20] [iter 6] [Context: 87768/262144 (33.5%)]
[20:09:20] INFO: AI request (iteration 6, msgs=446)
[20:09:23] INFO: AI response: 97758 prompt + 111 response tokens (total: 14357864 / 48315)
[20:09:23] [after +111] [Context: 87836/262144 (33.5%)]
[20:09:23] [iter 7] [Context: 87836/262144 (33.5%)]
[20:09:23] INFO: AI request (iteration 7, msgs=448)
[20:09:27] INFO: AI response: 97846 prompt + 53 response tokens (total: 14455710 / 48368)
[20:09:27] [after +53] [Context: 87891/262144 (33.5%)]
[20:09:27] [iter 8] [Context: 87891/262144 (33.5%)]
[20:09:27] INFO: AI request (iteration 8, msgs=450)
[20:09:31] INFO: AI response: 97916 prompt + 153 response tokens (total: 14553626 / 48521)
[20:09:31] [after +153] [Context: 87977/262144 (33.6%)]
[20:09:31] [iter 9] [Context: 87977/262144 (33.6%)]
[20:09:31] INFO: AI request (iteration 9, msgs=452)
[20:09:35] INFO: AI response: 98063 prompt + 153 response tokens (total: 14651689 / 48674)
[20:09:35] [after +153] [Context: 88068/262144 (33.6%)]
[20:09:35] [iter 10] [Context: 88068/262144 (33.6%)]
[20:09:35] INFO: AI request (iteration 10, msgs=454)
[20:09:39] INFO: AI response: 98184 prompt + 77 response tokens (total: 14749873 / 48751)
[20:09:39] [after +77] [Context: 88275/262144 (33.7%)]
[20:09:39] You: 
[20:11:28] [Context: 88295/262144 (33.7%)]
[20:11:28] [iter 1] [Context: 88295/262144 (33.7%)]
[20:11:28] INFO: AI request (iteration 1, msgs=457)
[20:11:32] INFO: AI response: 98584 prompt + 245 response tokens (total: 14848457 / 48996)
[20:11:32] [after +245] [Context: 88426/262144 (33.7%)]
[20:11:32] [iter 2] [Context: 88426/262144 (33.7%)]
[20:11:32] INFO: AI request (iteration 2, msgs=459)
[20:11:36] INFO: AI response: 98712 prompt + 93 response tokens (total: 14947169 / 49089)
[20:11:36] [after +93] [Context: 88528/262144 (33.8%)]
[20:11:36] [iter 3] [Context: 88528/262144 (33.8%)]
[20:11:36] INFO: AI request (iteration 3, msgs=461)
[20:11:41] INFO: AI response: 98815 prompt + 235 response tokens (total: 15045984 / 49324)
[20:11:41] [after +235] [Context: 88861/262144 (33.9%)]
[20:11:41] [iter 4] [Context: 88861/262144 (33.9%)]
[20:11:41] INFO: AI request (iteration 4, msgs=463)
[20:11:46] INFO: AI response: 99195 prompt + 180 response tokens (total: 15145179 / 49504)
[20:11:46] [after +180] [Context: 89204/262144 (34.0%)]
[20:11:46] [iter 5] [Context: 89204/262144 (34.0%)]
[20:11:46] INFO: AI request (iteration 5, msgs=465)
[20:11:51] INFO: AI response: 99539 prompt + 121 response tokens (total: 15244718 / 49625)
[20:11:57] [after +121] [Context: 89659/262144 (34.2%)]
[20:11:57] [iter 6] [Context: 89659/262144 (34.2%)]
[20:11:57] INFO: AI request (iteration 6, msgs=467)
[20:12:01] INFO: AI response: 100231 prompt + 84 response tokens (total: 15344949 / 49709)
[20:12:01] [after +84] [Context: 89736/262144 (34.2%)]
[20:12:01] [iter 7] [Context: 89736/262144 (34.2%)]
[20:12:01] INFO: AI request (iteration 7, msgs=469)
[20:12:05] INFO: AI response: 100329 prompt + 95 response tokens (total: 15445278 / 49804)
[20:12:05] [after +95] [Context: 89832/262144 (34.3%)]
[20:12:05] [iter 8] [Context: 89832/262144 (34.3%)]
[20:12:05] INFO: AI request (iteration 8, msgs=471)
[20:12:08] INFO: AI response: 100466 prompt + 64 response tokens (total: 15545744 / 49868)
[20:12:08] [after +64] [Context: 90829/262144 (34.6%)]
[20:12:08] [iter 9] [Context: 90829/262144 (34.6%)]
[20:12:08] INFO: AI request (iteration 9, msgs=473)
[20:12:13] INFO: AI response: 101704 prompt + 281 response tokens (total: 15647448 / 50149)
[20:12:13] [after +281] [Context: 91126/262144 (34.8%)]
[20:12:13] [iter 10] [Context: 91187/262144 (34.8%)]
[20:12:13] INFO: AI request (iteration 10, msgs=475)
[20:12:18] INFO: AI response: 101942 prompt + 198 response tokens (total: 15749390 / 50347)
[20:12:18] [after +198] [Context: 91458/262144 (34.9%)]
[20:12:18] Auto-continue: AI round 1/50 — task 1/1: Copy all gadget files from /home/t3ch/script/KosDWM4/~/.conf...
[20:12:18] [Context: 91503/262144 (34.9%)]
[20:12:18] [iter 1] [Context: 91503/262144 (34.9%)]
[20:12:18] INFO: AI request (iteration 1, msgs=479)
[20:12:22] INFO: AI response: 102279 prompt + 137 response tokens (total: 15851669 / 50484)
[20:12:22] [after +137] [Context: 91668/262144 (35.0%)]
[20:12:22] [iter 2] [Context: 91668/262144 (35.0%)]
[20:12:22] INFO: AI request (iteration 2, msgs=481)
[20:12:27] INFO: AI response: 102470 prompt + 161 response tokens (total: 15954139 / 50645)
[20:12:27] ✓ ExecuteScript: Warning: Flask not installed. API server will not be available.
Install with: pip install flask flask-cors
Loaded 5 notices
Failed to start API server: Flask is not installed. Cannot create API server.
ReminderThread started
Reminder thread started
=== Final Verification ===
Available gadgets: ['hello_world', 'test_gadget', 'notices', 'cpu_monitor', 'system_info']
Loaded 5 notices
Failed to start API server: Flask is not installed. Cannot create API server.
ReminderThread started
Reminder thread... (truncated, 1012 chars total)
[20:12:27] [after +161] [Context: 92075/262144 (35.1%)]
[20:12:27] [iter 3] [Context: 92075/262144 (35.1%)]
[20:12:27] INFO: AI request (iteration 3, msgs=483)
[20:12:31] INFO: AI response: 102885 prompt + 193 response tokens (total: 16057024 / 50838)
[20:12:31] [after +193] [Context: 92224/262144 (35.2%)]
[20:12:31] [iter 4] [Context: 92224/262144 (35.2%)]
[20:12:31] INFO: AI request (iteration 4, msgs=485)
[20:12:36] INFO: AI response: 103039 prompt + 123 response tokens (total: 16160063 / 50961)
[20:12:36] [after +123] [Context: 92351/262144 (35.2%)]
[20:12:36] You: 
[20:14:13] [Context: 92424/262144 (35.3%)]
[20:14:13] [iter 1] [Context: 92424/262144 (35.3%)]
[20:14:13] INFO: AI request (iteration 1, msgs=487)
[20:14:26] . **`<WriteFile
[Aborted: 'WriteFile' cannot be used in PLAN mode]
[20:14:26] Stream aborted: 'WriteFile' cannot be used in PLAN mode
[20:14:26] INFO: AI response: 0 prompt + 0 response tokens (total: 16160063 / 50961)
[20:14:26] [after +0] [Context: 92789/262144 (35.4%)]
[20:14:26] Model tried to use 'WriteFile' in PLAN mode.
[20:14:26]   1. Switch to BUILD mode (allow the tool)
[20:14:26]   2. Stay in PLAN mode (block the tool, continue planning)
[20:14:26]   3. Cancel AI (return to user prompt)
[20:14:26]   4. Continue (dismiss, let the model proceed)
[20:14:26] Choice (1-4): 
[20:14:43] You: 
[20:14:51] You: 
[20:16:57] [Context: 92899/262144 (35.4%)]
[20:16:57] [iter 1] [Context: 92899/262144 (35.4%)]
[20:16:57] INFO: AI request (iteration 1, msgs=490)
[20:17:01] INFO: AI response: 103428 prompt + 155 response tokens (total: 16263491 / 51116)
[20:17:01] [after +155] [Context: 93016/262144 (35.5%)]
[20:17:01] [iter 2] [Context: 93016/262144 (35.5%)]
[20:17:01] INFO: AI request (iteration 2, msgs=492)
[20:17:05] INFO: AI response: 103537 prompt + 76 response tokens (total: 16367028 / 51192)
[20:17:05] [after +76] [Context: 93137/262144 (35.5%)]
[20:17:05] [iter 3] [Context: 93137/262144 (35.5%)]
[20:17:05] INFO: AI request (iteration 3, msgs=494)
[20:17:09] INFO: AI response: 103638 prompt + 116 response tokens (total: 16470666 / 51308)
[20:17:09] [after +116] [Context: 93252/262144 (35.6%)]
[20:17:09] [iter 4] [Context: 93252/262144 (35.6%)]
[20:17:09] INFO: AI request (iteration 4, msgs=496)
[20:17:11] INFO: AI response: 103744 prompt + 22 response tokens (total: 16574410 / 51330)
[20:17:11] [after +22] [Context: 93385/262144 (35.6%)]
[20:17:11] Plan complete — switched to BUILD mode. Waiting for your instruction.
[20:17:11] You: 
[20:17:19] INFO: Session started, sess_id=322, mode=plan, model=kimi-k2.5:cloud
[20:17:19] You: 
[20:17:21] You: 
[20:17:41] [Context: 93385/262144 (35.6%)]
[20:17:41] [iter 1] [Context: 93385/262144 (35.6%)]
[20:17:41] INFO: AI request (iteration 1, msgs=499)
[20:17:44] INFO: AI response: 103849 prompt + 59 response tokens (total: 16678259 / 51389)
[20:17:44] ✓ ReadFile: Error: File `~/.config/KosDWM/gadgets.json` not found (checked workin/ and CWD)
[20:17:44] [after +59] [Context: 93445/262144 (35.6%)]
[20:17:44] [iter 2] [Context: 93445/262144 (35.6%)]
[20:17:44] INFO: AI request (iteration 2, msgs=501)
[20:17:48] INFO: AI response: 103925 prompt + 51 response tokens (total: 16782184 / 51440)
[20:17:48] [after +51] [Context: 93498/262144 (35.7%)]
[20:17:48] [iter 3] [Context: 93498/262144 (35.7%)]
[20:17:48] INFO: AI request (iteration 3, msgs=503)
[20:17:52] INFO: AI response: 103990 prompt + 50 response tokens (total: 16886174 / 51490)
[20:17:52] [after +50] [Context: 93781/262144 (35.8%)]
[20:17:52] [iter 4] [Context: 93781/262144 (35.8%)]
[20:17:52] INFO: AI request (iteration 4, msgs=505)
[20:17:55] INFO: AI response: 104535 prompt + 78 response tokens (total: 16990709 / 51568)
[20:17:55] [after +78] [Context: 94008/262144 (35.9%)]
[20:17:55] [iter 5] [Context: 94008/262144 (35.9%)]
[20:17:55] INFO: AI request (iteration 5, msgs=507)
[20:17:59] INFO: AI response: 104968 prompt + 68 response tokens (total: 17095677 / 51636)
[20:17:59] [after +68] [Context: 94071/262144 (35.9%)]
[20:17:59] [iter 6] [Context: 94071/262144 (35.9%)]
[20:17:59] INFO: AI request (iteration 6, msgs=509)
[20:18:04] INFO: AI response: 105047 prompt + 205 response tokens (total: 17200724 / 51841)
[20:18:04] [after +205] [Context: 94277/262144 (36.0%)]
[20:18:04] [iter 7] [Context: 94277/262144 (36.0%)]
[20:18:04] INFO: AI request (iteration 7, msgs=511)
[20:18:08] INFO: AI response: 105264 prompt + 71 response tokens (total: 17305988 / 51912)
[20:18:08] [after +71] [Context: 94442/262144 (36.0%)]
[20:18:08] [iter 8] [Context: 94442/262144 (36.0%)]
[20:18:08] INFO: AI request (iteration 8, msgs=514)
[20:18:11] INFO: AI response: 105407 prompt + 57 response tokens (total: 17411395 / 51969)
[20:18:11] [after +57] [Context: 94546/262144 (36.1%)]
[20:18:11] [iter 9] [Context: 94546/262144 (36.1%)]
[20:18:11] INFO: AI request (iteration 9, msgs=516)
[20:18:15] INFO: AI response: 105535 prompt + 62 response tokens (total: 17516930 / 52031)
[20:18:15] [after +62] [Context: 94879/262144 (36.2%)]
[20:18:15] [iter 10] [Context: 94879/262144 (36.2%)]
[20:18:15] INFO: AI request (iteration 10, msgs=518)
[20:18:18] INFO: AI response: 105905 prompt + 121 response tokens (total: 17622835 / 52152)
[20:18:18] [after +121] [Context: 94931/262144 (36.2%)]
[20:18:18] Auto-continue: AI round 1/50 — task 2/2: Find the display_gadgets method in run.py and increase the b...
[20:18:18] [Context: 94988/262144 (36.2%)]
[20:18:18] [iter 1] [Context: 94988/262144 (36.2%)]
[20:18:18] INFO: AI request (iteration 1, msgs=521)
[20:18:22] INFO: AI response: 106022 prompt + 68 response tokens (total: 17728857 / 52220)
[20:18:22] [after +68] [Context: 95308/262144 (36.4%)]
[20:18:22] [iter 2] [Context: 95308/262144 (36.4%)]
[20:18:22] INFO: AI request (iteration 2, msgs=523)
[20:18:26] INFO: AI response: 106359 prompt + 141 response tokens (total: 17835216 / 52361)
[20:18:26] [after +141] [Context: 95518/262144 (36.4%)]
[20:18:26] [iter 3] [Context: 95518/262144 (36.4%)]
[20:18:26] INFO: AI request (iteration 3, msgs=525)
[20:18:30] INFO: AI response: 106616 prompt + 100 response tokens (total: 17941832 / 52461)
[20:18:30] [after +100] [Context: 95669/262144 (36.5%)]
[20:18:30] [iter 4] [Context: 95669/262144 (36.5%)]
[20:18:30] INFO: AI request (iteration 4, msgs=527)
[20:18:34] INFO: AI response: 106809 prompt + 129 response tokens (total: 18048641 / 52590)
[20:18:34] [after +129] [Context: 95722/262144 (36.5%)]
[20:18:34] [iter 5] [Context: 95722/262144 (36.5%)]
[20:18:34] INFO: AI request (iteration 5, msgs=529)
[20:18:37] INFO: AI response: 106879 prompt + 54 response tokens (total: 18155520 / 52644)
[20:18:37] [after +54] [Context: 96107/262144 (36.7%)]
[20:18:37] [iter 6] [Context: 96107/262144 (36.7%)]
[20:18:37] INFO: AI request (iteration 6, msgs=531)
[20:18:41] INFO: AI response: 107310 prompt + 86 response tokens (total: 18262830 / 52730)
[20:18:41] [after +86] [Context: 96198/262144 (36.7%)]
[20:18:41] [iter 7] [Context: 96198/262144 (36.7%)]
[20:18:41] INFO: AI request (iteration 7, msgs=533)
[20:18:44] INFO: AI response: 107426 prompt + 55 response tokens (total: 18370256 / 52785)
[20:18:44] [after +55] [Context: 96284/262144 (36.7%)]
[20:18:44] [iter 8] [Context: 96284/262144 (36.7%)]
[20:18:44] INFO: AI request (iteration 8, msgs=535)
[20:18:47] INFO: AI response: 107541 prompt + 82 response tokens (total: 18477797 / 52867)
[20:18:47] [after +82] [Context: 97281/262144 (37.1%)]
[20:18:47] [iter 9] [Context: 97281/262144 (37.1%)]
[20:18:47] INFO: AI request (iteration 9, msgs=537)
[20:18:53] INFO: AI response: 108779 prompt + 257 response tokens (total: 18586576 / 53124)
[20:18:53] [after +257] [Context: 97468/262144 (37.2%)]
[20:18:53] [iter 10] [Context: 97468/262144 (37.2%)]
[20:18:53] INFO: AI request (iteration 10, msgs=539)
[20:19:00] INFO: AI response: 108989 prompt + 341 response tokens (total: 18695565 / 53465)
[20:19:00] [after +341] [Context: 97768/262144 (37.3%)]
[20:19:00] You: 
[20:21:57] [Context: 97785/262144 (37.3%)]
[20:21:57] [iter 1] [Context: 97785/262144 (37.3%)]
[20:21:57] INFO: AI request (iteration 1, msgs=541)
[20:22:03] INFO: AI response: 109180 prompt + 260 response tokens (total: 18804745 / 53725)
[20:22:03] [after +260] [Context: 98235/262144 (37.5%)]
[20:22:03] [iter 2] [Context: 98235/262144 (37.5%)]
[20:22:03] INFO: AI request (iteration 2, msgs=543)
[20:22:09] INFO: AI response: 109710 prompt + 285 response tokens (total: 18914455 / 54010)
[20:22:09] [after +285] [Context: 98496/262144 (37.6%)]
[20:22:09] You: 
[20:24:34] [Context: 98531/262144 (37.6%)]
[20:24:34] [iter 1] [Context: 98531/262144 (37.6%)]
[20:24:34] INFO: AI request (iteration 1, msgs=545)
[20:24:39] INFO: AI response: 109954 prompt + 214 response tokens (total: 19024409 / 54224)
[20:24:39] ✓ ExecuteScript: Warning: Flask not installed. API server will not be available.
Install with: pip install flask flask-cors
Loaded 5 notices
Failed to start API server: Flask is not installed. Cannot create API server.
ReminderThread started
Reminder thread started
=== Gadget Status ===
Available: ['hello_world', 'test_gadget', 'notices', 'cpu_monitor', 'system_info']
Enabled: [<gadget_hello_world.HelloWorldGadget object at 0x7f663bbc25d0>]
Load errors: []
(cwd: /home/t3ch/script/KosDWM4)
[20:24:39] [after +214] [Context: 98769/262144 (37.7%)]
[20:24:39] [iter 2] [Context: 98769/262144 (37.7%)]
[20:24:39] INFO: AI request (iteration 2, msgs=547)
[20:24:42] INFO: AI response: 110187 prompt + 128 response tokens (total: 19134596 / 54352)
[20:24:42] [after +128] [Context: 98838/262144 (37.7%)]
[20:24:42] [iter 3] [Context: 98838/262144 (37.7%)]
[20:24:42] INFO: AI request (iteration 3, msgs=549)
[20:24:47] INFO: AI response: 110276 prompt + 53 response tokens (total: 19244872 / 54405)
[20:24:47] [after +53] [Context: 98909/262144 (37.7%)]
[20:24:47] [iter 4] [Context: 98909/262144 (37.7%)]
[20:24:47] INFO: AI request (iteration 4, msgs=551)
[20:24:50] INFO: AI response: 110368 prompt + 78 response tokens (total: 19355240 / 54483)
[20:24:50] [after +78] [Context: 98959/262144 (37.7%)]
[20:24:50] [iter 5] [Context: 98959/262144 (37.7%)]
[20:24:50] INFO: AI request (iteration 5, msgs=553)
[20:24:53] INFO: AI response: 110427 prompt + 164 response tokens (total: 19465667 / 54647)
[20:24:53] [after +164] [Context: 99123/262144 (37.8%)]
[20:24:53] [iter 6] [Context: 99123/262144 (37.8%)]
[20:24:53] INFO: AI request (iteration 6, msgs=555)
[20:24:57] INFO: AI response: 110622 prompt + 119 response tokens (total: 19576289 / 54766)
[20:24:57] ✓ ExecuteScript: Warning: Flask not installed. API server will not be available.
Install with: pip install flask flask-cors
Loaded 5 notices
Failed to start API server: Flask is not installed. Cannot create API server.
ReminderThread started
Reminder thread started
Available: ['hello_world', 'test_gadget', 'notices', 'cpu_monitor', 'system_info']
Loaded 5 notices
Failed to start API server: Flask is not installed. Cannot create API server.
ReminderThread started
Reminder thread started
Enabled: ['test_gadget', '... (truncated, 573 chars total)
[20:24:57] [after +119] [Context: 99365/262144 (37.9%)]
[20:24:57] [iter 7] [Context: 99365/262144 (37.9%)]
[20:24:57] INFO: AI request (iteration 7, msgs=557)
[20:25:12] Stream waiting... (105s left)
[20:25:22] INFO: AI response: 110857 prompt + 164 response tokens (total: 19687146 / 54930)
[20:25:22] [after +164] [Context: 99518/262144 (38.0%)]
[20:25:22] You: 
[20:25:22] [Context: 99531/262144 (38.0%)]
[20:25:22] [iter 1] [Context: 99531/262144 (38.0%)]
[20:25:22] INFO: AI request (iteration 1, msgs=559)
[20:25:26] INFO: AI response: 110998 prompt + 152 response tokens (total: 19798144 / 55082)
[20:25:26] [after +152] [Context: 99647/262144 (38.0%)]
[20:25:26] [iter 2] [Context: 99647/262144 (38.0%)]
[20:25:26] INFO: AI request (iteration 2, msgs=561)
[20:25:30] INFO: AI response: 111103 prompt + 91 response tokens (total: 19909247 / 55173)
[20:25:30] [after +91] [Context: 99769/262144 (38.1%)]
[20:25:30] [iter 3] [Context: 99769/262144 (38.1%)]
[20:25:30] INFO: AI request (iteration 3, msgs=563)
[20:25:33] INFO: AI response: 111210 prompt + 93 response tokens (total: 20020457 / 55266)
[20:25:33] [after +93] [Context: 99876/262144 (38.1%)]
[20:25:33] [iter 4] [Context: 99876/262144 (38.1%)]
[20:25:33] INFO: AI request (iteration 4, msgs=565)
[20:25:36] INFO: AI response: 111308 prompt + 73 response tokens (total: 20131765 / 55339)
[20:25:36] [after +73] [Context: 99968/262144 (38.1%)]
[20:25:36] [iter 5] [Context: 99968/262144 (38.1%)]
[20:25:36] INFO: AI request (iteration 5, msgs=567)
[20:25:39] INFO: AI response: 111390 prompt + 20 response tokens (total: 20243155 / 55359)
[20:25:39] [after +20] [Context: 100119/262144 (38.2%)]
[20:25:39] Plan complete — switched to BUILD mode. Waiting for your instruction.
[20:25:39] You: 
[20:27:37] You: 
[20:28:46] INFO: Session started, sess_id=323, mode=build, model=kimi-k2.5:cloud
[20:28:46] You: 
[20:28:50] You: 
